id,name,owner,route,evidence_kind,final_shell_capture,acceptance,evidence_paths
x4dva,1A. Brand light · Start,session 06,/p/default/new,page,False,historical baseline; final owning-worker integrated state verification required,/home/agent/projects/cezar/.ai/cezar/worktrees/9ae05dcc-cc09-405c-9934-ab364076aa21/.ai/design-reference/iteration-3/design/x4dva.png | /home/agent/projects/cezar/.ai/cezar/worktrees/9ae05dcc-cc09-405c-9934-ab364076aa21/.ai/design-reference/iteration-3/runtime-verified/pairs/x4dva-browser.png
yhesD,1B. Brand dark · Start,session 06,/p/default/new,page,False,historical baseline; final owning-worker integrated state verification required,/home/agent/projects/cezar/.ai/cezar/worktrees/9ae05dcc-cc09-405c-9934-ab364076aa21/.ai/design-reference/iteration-3/design/yhesD.png | /home/agent/projects/cezar/.ai/cezar/worktrees/9ae05dcc-cc09-405c-9934-ab364076aa21/.ai/design-reference/iteration-3/runtime-verified/pairs/yhesD-browser.png
mZMB8,1C. Desktop light · Start,session 06,/p/default/new,page,False,historical baseline; final owning-worker integrated state verification required,/home/agent/projects/cezar/.ai/cezar/worktrees/9ae05dcc-cc09-405c-9934-ab364076aa21/.ai/design-reference/iteration-3/design/mZMB8.png | /home/agent/projects/cezar/.ai/cezar/worktrees/9ae05dcc-cc09-405c-9934-ab364076aa21/.ai/design-reference/iteration-3/runtime-verified/pairs/mZMB8-browser.png
Pusy6,1D. Desktop dark · Start,session 06,/p/default/new,page,False,historical baseline; final owning-worker integrated state verification required,/home/agent/projects/cezar/.ai/cezar/worktrees/9ae05dcc-cc09-405c-9934-ab364076aa21/.ai/design-reference/iteration-3/design/Pusy6.png | /home/agent/projects/cezar/.ai/cezar/worktrees/9ae05dcc-cc09-405c-9934-ab364076aa21/.ai/design-reference/iteration-3/runtime-verified/pairs/Pusy6-browser.png
C9o2u,Cezarion · Shared components,shared a4395cbb — full shell and exact shared icon adapter,,reference board,False,historical baseline; final owning-worker integrated state verification required,/home/agent/projects/cezar/.ai/cezar/worktrees/9ae05dcc-cc09-405c-9934-ab364076aa21/.ai/design-reference/iteration-3/design/C9o2u.png
cgGWE,2A. Task session · Desktop light,session 06,/p/default/tasks/10000000-0000-4000-8000-000000000000,page,False,historical baseline; final owning-worker integrated state verification required,/home/agent/projects/cezar/.ai/cezar/worktrees/9ae05dcc-cc09-405c-9934-ab364076aa21/.ai/design-reference/iteration-3/design/cgGWE.png | /home/agent/projects/cezar/.ai/cezar/worktrees/9ae05dcc-cc09-405c-9934-ab364076aa21/.ai/design-reference/iteration-3/runtime-verified/pairs/cgGWE-browser.png
igwKt,2B. Task session · Desktop dark,session 06,/p/default/tasks/10000000-0000-4000-8000-000000000000,page,False,historical baseline; final owning-worker integrated state verification required,/home/agent/projects/cezar/.ai/cezar/worktrees/9ae05dcc-cc09-405c-9934-ab364076aa21/.ai/design-reference/iteration-3/design/igwKt.png | /home/agent/projects/cezar/.ai/cezar/worktrees/9ae05dcc-cc09-405c-9934-ab364076aa21/.ai/design-reference/iteration-3/runtime-verified/pairs/igwKt-browser.png
gVXYn,2C. Task session · Mobile light,session 06,/p/default/tasks/10000000-0000-4000-8000-000000000000,page,False,historical baseline; final owning-worker integrated state verification required,/home/agent/projects/cezar/.ai/cezar/worktrees/9ae05dcc-cc09-405c-9934-ab364076aa21/.ai/design-reference/iteration-3/design/gVXYn.png | /home/agent/projects/cezar/.ai/cezar/worktrees/9ae05dcc-cc09-405c-9934-ab364076aa21/.ai/design-reference/iteration-3/runtime-verified/pairs/gVXYn-browser.png
nu4S5,2D. Task session · Mobile dark,session 06,/p/default/tasks/10000000-0000-4000-8000-000000000000,page,False,historical baseline; final owning-worker integrated state verification required,/home/agent/projects/cezar/.ai/cezar/worktrees/9ae05dcc-cc09-405c-9934-ab364076aa21/.ai/design-reference/iteration-3/design/nu4S5.png | /home/agent/projects/cezar/.ai/cezar/worktrees/9ae05dcc-cc09-405c-9934-ab364076aa21/.ai/design-reference/iteration-3/runtime-verified/pairs/nu4S5-browser.png
h690uO,2E. Session navigation open · Mobile light,session 06,/p/default/tasks/10000000-0000-4000-8000-000000000000,page,False,historical baseline; final owning-worker integrated state verification required,/home/agent/projects/cezar/.ai/cezar/worktrees/9ae05dcc-cc09-405c-9934-ab364076aa21/.ai/design-reference/iteration-3/design/h690uO.png | /home/agent/projects/cezar/.ai/cezar/worktrees/9ae05dcc-cc09-405c-9934-ab364076aa21/.ai/design-reference/iteration-3/runtime-verified/pairs/h690uO-state-browser.png
L0VfI,2F. Session navigation open · Mobile dark,session 06,/p/default/tasks/10000000-0000-4000-8000-000000000000,page,False,historical baseline; final owning-worker integrated state verification required,/home/agent/projects/cezar/.ai/cezar/worktrees/9ae05dcc-cc09-405c-9934-ab364076aa21/.ai/design-reference/iteration-3/design/L0VfI.png | /home/agent/projects/cezar/.ai/cezar/worktrees/9ae05dcc-cc09-405c-9934-ab364076aa21/.ai/design-reference/iteration-3/runtime-verified/pairs/L0VfI-state-browser.png
HYltX,3A. Expanded activity · Desktop light,session 06,/p/default/tasks/10000000-0000-4000-8000-000000000000,page,False,historical baseline; final owning-worker integrated state verification required,/home/agent/projects/cezar/.ai/cezar/worktrees/9ae05dcc-cc09-405c-9934-ab364076aa21/.ai/design-reference/iteration-3/design/HYltX.png | /home/agent/projects/cezar/.ai/cezar/worktrees/9ae05dcc-cc09-405c-9934-ab364076aa21/.ai/design-reference/iteration-3/runtime-verified/pairs/HYltX-detail-browser.png
r7humJ,3B. Expanded activity · Desktop dark,session 06,/p/default/tasks/10000000-0000-4000-8000-000000000000,page,False,historical baseline; final owning-worker integrated state verification required,/home/agent/projects/cezar/.ai/cezar/worktrees/9ae05dcc-cc09-405c-9934-ab364076aa21/.ai/design-reference/iteration-3/design/r7humJ.png | /home/agent/projects/cezar/.ai/cezar/worktrees/9ae05dcc-cc09-405c-9934-ab364076aa21/.ai/design-reference/iteration-3/runtime-verified/pairs/r7humJ-detail-browser.png
zwIL4,3C. Expanded activity · Mobile light,session 06,/p/default/tasks/10000000-0000-4000-8000-000000000000,page,False,historical baseline; final owning-worker integrated state verification required,/home/agent/projects/cezar/.ai/cezar/worktrees/9ae05dcc-cc09-405c-9934-ab364076aa21/.ai/design-reference/iteration-3/design/zwIL4.png | /home/agent/projects/cezar/.ai/cezar/worktrees/9ae05dcc-cc09-405c-9934-ab364076aa21/.ai/design-reference/iteration-3/runtime-verified/pairs/zwIL4-detail-browser.png
es88m,3D. Expanded activity · Mobile dark,session 06,/p/default/tasks/10000000-0000-4000-8000-000000000000,page,False,historical baseline; final owning-worker integrated state verification required,/home/agent/projects/cezar/.ai/cezar/worktrees/9ae05dcc-cc09-405c-9934-ab364076aa21/.ai/design-reference/iteration-3/design/es88m.png | /home/agent/projects/cezar/.ai/cezar/worktrees/9ae05dcc-cc09-405c-9934-ab364076aa21/.ai/design-reference/iteration-3/runtime-verified/pairs/es88m-detail-browser.png
HcGEf,4A. Project tasks · Desktop light,tasks 445,/p/default/,page,False,historical baseline; final owning-worker integrated state verification required,/home/agent/projects/cezar/.ai/cezar/worktrees/9ae05dcc-cc09-405c-9934-ab364076aa21/.ai/design-reference/iteration-3/design/HcGEf.png | /home/agent/projects/cezar/.ai/cezar/worktrees/9ae05dcc-cc09-405c-9934-ab364076aa21/.ai/design-reference/iteration-3/runtime-verified/pairs/HcGEf-browser.png
rstLr,4C. Project tasks · Mobile light,tasks 445,/p/default/,page,False,historical baseline; final owning-worker integrated state verification required,/home/agent/projects/cezar/.ai/cezar/worktrees/9ae05dcc-cc09-405c-9934-ab364076aa21/.ai/design-reference/iteration-3/design/rstLr.png | /home/agent/projects/cezar/.ai/cezar/worktrees/9ae05dcc-cc09-405c-9934-ab364076aa21/.ai/design-reference/iteration-3/runtime-verified/pairs/rstLr-browser.png
FsD5O,4B. Project tasks · Desktop dark,tasks 445,/p/default/,page,False,historical baseline; final owning-worker integrated state verification required,/home/agent/projects/cezar/.ai/cezar/worktrees/9ae05dcc-cc09-405c-9934-ab364076aa21/.ai/design-reference/iteration-3/design/FsD5O.png | /home/agent/projects/cezar/.ai/cezar/worktrees/9ae05dcc-cc09-405c-9934-ab364076aa21/.ai/design-reference/iteration-3/runtime-verified/pairs/FsD5O-browser.png
x3GLa,4D. Project tasks · Mobile dark,tasks 445,/p/default/,page,False,historical baseline; final owning-worker integrated state verification required,/home/agent/projects/cezar/.ai/cezar/worktrees/9ae05dcc-cc09-405c-9934-ab364076aa21/.ai/design-reference/iteration-3/design/x3GLa.png | /home/agent/projects/cezar/.ai/cezar/worktrees/9ae05dcc-cc09-405c-9934-ab364076aa21/.ai/design-reference/iteration-3/runtime-verified/pairs/x3GLa-browser.png
c1EQa,5A. All tasks · Desktop light,tasks 445,/tasks,page,False,historical baseline; final owning-worker integrated state verification required,/home/agent/projects/cezar/.ai/cezar/worktrees/9ae05dcc-cc09-405c-9934-ab364076aa21/.ai/design-reference/iteration-3/design/c1EQa.png | /home/agent/projects/cezar/.ai/cezar/worktrees/9ae05dcc-cc09-405c-9934-ab364076aa21/.ai/design-reference/iteration-3/runtime-verified/pairs/c1EQa-populated-browser.png
dVuKR,5C. All tasks · Mobile light,tasks 445,/tasks,page,False,historical baseline; final owning-worker integrated state verification required,/home/agent/projects/cezar/.ai/cezar/worktrees/9ae05dcc-cc09-405c-9934-ab364076aa21/.ai/design-reference/iteration-3/design/dVuKR.png | /home/agent/projects/cezar/.ai/cezar/worktrees/9ae05dcc-cc09-405c-9934-ab364076aa21/.ai/design-reference/iteration-3/runtime-verified/pairs/dVuKR-populated-browser.png
T5Xpa,5B. All tasks · Desktop dark,tasks 445,/tasks,page,False,historical baseline; final owning-worker integrated state verification required,/home/agent/projects/cezar/.ai/cezar/worktrees/9ae05dcc-cc09-405c-9934-ab364076aa21/.ai/design-reference/iteration-3/design/T5Xpa.png | /home/agent/projects/cezar/.ai/cezar/worktrees/9ae05dcc-cc09-405c-9934-ab364076aa21/.ai/design-reference/iteration-3/runtime-verified/pairs/T5Xpa-populated-browser.png
tQmNd,5D. All tasks · Mobile dark,tasks 445,/tasks,page,False,historical baseline; final owning-worker integrated state verification required,/home/agent/projects/cezar/.ai/cezar/worktrees/9ae05dcc-cc09-405c-9934-ab364076aa21/.ai/design-reference/iteration-3/design/tQmNd.png | /home/agent/projects/cezar/.ai/cezar/worktrees/9ae05dcc-cc09-405c-9934-ab364076aa21/.ai/design-reference/iteration-3/runtime-verified/pairs/tQmNd-populated-browser.png
rUusA,6A. Git · Changes · Desktop light,git 565,/p/default/git,page,False,historical baseline; final owning-worker integrated state verification required,/home/agent/projects/cezar/.ai/cezar/worktrees/9ae05dcc-cc09-405c-9934-ab364076aa21/.ai/design-reference/iteration-3/design/rUusA.png | /home/agent/projects/cezar/.ai/cezar/worktrees/9ae05dcc-cc09-405c-9934-ab364076aa21/.ai/design-reference/iteration-3/runtime-verified/pairs/rUusA-browser.png
p8bEI,6C. Git · Changes · Mobile light,git 565,/p/default/git,page,False,historical baseline; final owning-worker integrated state verification required,/home/agent/projects/cezar/.ai/cezar/worktrees/9ae05dcc-cc09-405c-9934-ab364076aa21/.ai/design-reference/iteration-3/design/p8bEI.png | /home/agent/projects/cezar/.ai/cezar/worktrees/9ae05dcc-cc09-405c-9934-ab364076aa21/.ai/design-reference/iteration-3/runtime-verified/pairs/p8bEI-browser.png
qxKBh,6B. Git · Changes · Desktop dark,git 565,/p/default/git,page,False,historical baseline; final owning-worker integrated state verification required,/home/agent/projects/cezar/.ai/cezar/worktrees/9ae05dcc-cc09-405c-9934-ab364076aa21/.ai/design-reference/iteration-3/design/qxKBh.png | /home/agent/projects/cezar/.ai/cezar/worktrees/9ae05dcc-cc09-405c-9934-ab364076aa21/.ai/design-reference/iteration-3/runtime-verified/pairs/qxKBh-browser.png
CvQao,6D. Git · Changes · Mobile dark,git 565,/p/default/git,page,False,historical baseline; final owning-worker integrated state verification required,/home/agent/projects/cezar/.ai/cezar/worktrees/9ae05dcc-cc09-405c-9934-ab364076aa21/.ai/design-reference/iteration-3/design/CvQao.png | /home/agent/projects/cezar/.ai/cezar/worktrees/9ae05dcc-cc09-405c-9934-ab364076aa21/.ai/design-reference/iteration-3/runtime-verified/pairs/CvQao-browser.png
FZ2Hk,7A. Git · Commits · Desktop light,git 565,/p/default/git/commits,page,False,historical baseline; final owning-worker integrated state verification required,/home/agent/projects/cezar/.ai/cezar/worktrees/9ae05dcc-cc09-405c-9934-ab364076aa21/.ai/design-reference/iteration-3/design/FZ2Hk.png | /home/agent/projects/cezar/.ai/cezar/worktrees/9ae05dcc-cc09-405c-9934-ab364076aa21/.ai/design-reference/iteration-3/runtime-verified/pairs/FZ2Hk-browser.png
LqDjB,7C. Git · Commits · Mobile light,git 565,/p/default/git/commits,page,False,historical baseline; final owning-worker integrated state verification required,/home/agent/projects/cezar/.ai/cezar/worktrees/9ae05dcc-cc09-405c-9934-ab364076aa21/.ai/design-reference/iteration-3/design/LqDjB.png | /home/agent/projects/cezar/.ai/cezar/worktrees/9ae05dcc-cc09-405c-9934-ab364076aa21/.ai/design-reference/iteration-3/runtime-verified/pairs/LqDjB-browser.png
g2Jzw,7B. Git · Commits · Desktop dark,git 565,/p/default/git/commits,page,False,historical baseline; final owning-worker integrated state verification required,/home/agent/projects/cezar/.ai/cezar/worktrees/9ae05dcc-cc09-405c-9934-ab364076aa21/.ai/design-reference/iteration-3/design/g2Jzw.png | /home/agent/projects/cezar/.ai/cezar/worktrees/9ae05dcc-cc09-405c-9934-ab364076aa21/.ai/design-reference/iteration-3/runtime-verified/pairs/g2Jzw-browser.png
D53pMS,7D. Git · Commits · Mobile dark,git 565,/p/default/git/commits,page,False,historical baseline; final owning-worker integrated state verification required,/home/agent/projects/cezar/.ai/cezar/worktrees/9ae05dcc-cc09-405c-9934-ab364076aa21/.ai/design-reference/iteration-3/design/D53pMS.png | /home/agent/projects/cezar/.ai/cezar/worktrees/9ae05dcc-cc09-405c-9934-ab364076aa21/.ai/design-reference/iteration-3/runtime-verified/pairs/D53pMS-browser.png
bI71R,8A. Git · Branches · Desktop light,git 565,/p/default/git/branches,page,False,historical baseline; final owning-worker integrated state verification required,/home/agent/projects/cezar/.ai/cezar/worktrees/9ae05dcc-cc09-405c-9934-ab364076aa21/.ai/design-reference/iteration-3/design/bI71R.png | /home/agent/projects/cezar/.ai/cezar/worktrees/9ae05dcc-cc09-405c-9934-ab364076aa21/.ai/design-reference/iteration-3/runtime-verified/pairs/bI71R-browser.png
o67XB,8C. Git · Branches · Mobile light,git 565,/p/default/git/branches,page,False,historical baseline; final owning-worker integrated state verification required,/home/agent/projects/cezar/.ai/cezar/worktrees/9ae05dcc-cc09-405c-9934-ab364076aa21/.ai/design-reference/iteration-3/design/o67XB.png | /home/agent/projects/cezar/.ai/cezar/worktrees/9ae05dcc-cc09-405c-9934-ab364076aa21/.ai/design-reference/iteration-3/runtime-verified/pairs/o67XB-browser.png
JYHsj,8B. Git · Branches · Desktop dark,git 565,/p/default/git/branches,page,False,historical baseline; final owning-worker integrated state verification required,/home/agent/projects/cezar/.ai/cezar/worktrees/9ae05dcc-cc09-405c-9934-ab364076aa21/.ai/design-reference/iteration-3/design/JYHsj.png | /home/agent/projects/cezar/.ai/cezar/worktrees/9ae05dcc-cc09-405c-9934-ab364076aa21/.ai/design-reference/iteration-3/runtime-verified/pairs/JYHsj-browser.png
ZmozS,8D. Git · Branches · Mobile dark,git 565,/p/default/git/branches,page,False,historical baseline; final owning-worker integrated state verification required,/home/agent/projects/cezar/.ai/cezar/worktrees/9ae05dcc-cc09-405c-9934-ab364076aa21/.ai/design-reference/iteration-3/design/ZmozS.png | /home/agent/projects/cezar/.ai/cezar/worktrees/9ae05dcc-cc09-405c-9934-ab364076aa21/.ai/design-reference/iteration-3/runtime-verified/pairs/ZmozS-browser.png
tVifC,9A. GitHub · Desktop light,git 565,/p/default/github,page,False,historical baseline; final owning-worker integrated state verification required,/home/agent/projects/cezar/.ai/cezar/worktrees/9ae05dcc-cc09-405c-9934-ab364076aa21/.ai/design-reference/iteration-3/design/tVifC.png | /home/agent/projects/cezar/.ai/cezar/worktrees/9ae05dcc-cc09-405c-9934-ab364076aa21/.ai/design-reference/iteration-3/runtime-verified/pairs/tVifC-browser.png
zu66o,9C. GitHub · Mobile light,git 565,/p/default/github,page,False,historical baseline; final owning-worker integrated state verification required,/home/agent/projects/cezar/.ai/cezar/worktrees/9ae05dcc-cc09-405c-9934-ab364076aa21/.ai/design-reference/iteration-3/design/zu66o.png | /home/agent/projects/cezar/.ai/cezar/worktrees/9ae05dcc-cc09-405c-9934-ab364076aa21/.ai/design-reference/iteration-3/runtime-verified/pairs/zu66o-browser.png
AKO2L,9B. GitHub · Desktop dark,git 565,/p/default/github,page,False,historical baseline; final owning-worker integrated state verification required,/home/agent/projects/cezar/.ai/cezar/worktrees/9ae05dcc-cc09-405c-9934-ab364076aa21/.ai/design-reference/iteration-3/design/AKO2L.png | /home/agent/projects/cezar/.ai/cezar/worktrees/9ae05dcc-cc09-405c-9934-ab364076aa21/.ai/design-reference/iteration-3/runtime-verified/pairs/AKO2L-browser.png
eOnqx,9D. GitHub · Mobile dark,git 565,/p/default/github,page,False,historical baseline; final owning-worker integrated state verification required,/home/agent/projects/cezar/.ai/cezar/worktrees/9ae05dcc-cc09-405c-9934-ab364076aa21/.ai/design-reference/iteration-3/design/eOnqx.png | /home/agent/projects/cezar/.ai/cezar/worktrees/9ae05dcc-cc09-405c-9934-ab364076aa21/.ai/design-reference/iteration-3/runtime-verified/pairs/eOnqx-browser.png
EKi57,10A. Skills · Desktop light,Skills/Workflows — new worker queued,/p/default/skills,page,False,historical baseline; final owning-worker integrated state verification required,/home/agent/projects/cezar/.ai/cezar/worktrees/9ae05dcc-cc09-405c-9934-ab364076aa21/.ai/design-reference/iteration-3/design/EKi57.png | /home/agent/projects/cezar/.ai/cezar/worktrees/9ae05dcc-cc09-405c-9934-ab364076aa21/.ai/design-reference/iteration-3/runtime-verified/pairs/EKi57-browser.png
kmHeY,10C. Skills · Mobile light,Skills/Workflows — new worker queued,/p/default/skills,page,False,historical baseline; final owning-worker integrated state verification required,/home/agent/projects/cezar/.ai/cezar/worktrees/9ae05dcc-cc09-405c-9934-ab364076aa21/.ai/design-reference/iteration-3/design/kmHeY.png | /home/agent/projects/cezar/.ai/cezar/worktrees/9ae05dcc-cc09-405c-9934-ab364076aa21/.ai/design-reference/iteration-3/runtime-verified/pairs/kmHeY-browser.png
cvBro,10B. Skills · Desktop dark,Skills/Workflows — new worker queued,/p/default/skills,page,False,historical baseline; final owning-worker integrated state verification required,/home/agent/projects/cezar/.ai/cezar/worktrees/9ae05dcc-cc09-405c-9934-ab364076aa21/.ai/design-reference/iteration-3/design/cvBro.png | /home/agent/projects/cezar/.ai/cezar/worktrees/9ae05dcc-cc09-405c-9934-ab364076aa21/.ai/design-reference/iteration-3/runtime-verified/pairs/cvBro-browser.png
XdHUd,10D. Skills · Mobile dark,Skills/Workflows — new worker queued,/p/default/skills,page,False,historical baseline; final owning-worker integrated state verification required,/home/agent/projects/cezar/.ai/cezar/worktrees/9ae05dcc-cc09-405c-9934-ab364076aa21/.ai/design-reference/iteration-3/design/XdHUd.png | /home/agent/projects/cezar/.ai/cezar/worktrees/9ae05dcc-cc09-405c-9934-ab364076aa21/.ai/design-reference/iteration-3/runtime-verified/pairs/XdHUd-browser.png
C2sfEo,11A. Workflows · Desktop light,Skills/Workflows — new worker queued,/p/default/workflows,page,False,historical baseline; final owning-worker integrated state verification required,/home/agent/projects/cezar/.ai/cezar/worktrees/9ae05dcc-cc09-405c-9934-ab364076aa21/.ai/design-reference/iteration-3/design/C2sfEo.png | /home/agent/projects/cezar/.ai/cezar/worktrees/9ae05dcc-cc09-405c-9934-ab364076aa21/.ai/design-reference/iteration-3/runtime-verified/pairs/C2sfEo-browser.png
aa0TQ,11C. Workflows · Mobile light,Skills/Workflows — new worker queued,/p/default/workflows,page,False,historical baseline; final owning-worker integrated state verification required,/home/agent/projects/cezar/.ai/cezar/worktrees/9ae05dcc-cc09-405c-9934-ab364076aa21/.ai/design-reference/iteration-3/design/aa0TQ.png | /home/agent/projects/cezar/.ai/cezar/worktrees/9ae05dcc-cc09-405c-9934-ab364076aa21/.ai/design-reference/iteration-3/runtime-verified/pairs/aa0TQ-browser.png
s0JzCL,11B. Workflows · Desktop dark,Skills/Workflows — new worker queued,/p/default/workflows,page,False,historical baseline; final owning-worker integrated state verification required,/home/agent/projects/cezar/.ai/cezar/worktrees/9ae05dcc-cc09-405c-9934-ab364076aa21/.ai/design-reference/iteration-3/design/s0JzCL.png | /home/agent/projects/cezar/.ai/cezar/worktrees/9ae05dcc-cc09-405c-9934-ab364076aa21/.ai/design-reference/iteration-3/runtime-verified/pairs/s0JzCL-browser.png
Ae0n6,11D. Workflows · Mobile dark,Skills/Workflows — new worker queued,/p/default/workflows,page,False,historical baseline; final owning-worker integrated state verification required,/home/agent/projects/cezar/.ai/cezar/worktrees/9ae05dcc-cc09-405c-9934-ab364076aa21/.ai/design-reference/iteration-3/design/Ae0n6.png | /home/agent/projects/cezar/.ai/cezar/worktrees/9ae05dcc-cc09-405c-9934-ab364076aa21/.ai/design-reference/iteration-3/runtime-verified/pairs/Ae0n6-browser.png
PPxMw,S01. Project settings / General · Desktop light,settings ba089 — Settings only,/p/default/settings,page,False,historical baseline; final owning-worker integrated state verification required,/home/agent/projects/cezar/.ai/cezar/worktrees/9ae05dcc-cc09-405c-9934-ab364076aa21/.ai/design-reference/iteration-3/design/PPxMw.png | /home/agent/projects/cezar/.ai/cezar/worktrees/9ae05dcc-cc09-405c-9934-ab364076aa21/.ai/design-reference/iteration-3/runtime-verified/pairs/PPxMw-browser.png
x7yBQu,S01. Project settings / General · Mobile light,settings ba089 — Settings only,/p/default/settings,page,False,historical baseline; final owning-worker integrated state verification required,/home/agent/projects/cezar/.ai/cezar/worktrees/9ae05dcc-cc09-405c-9934-ab364076aa21/.ai/design-reference/iteration-3/design/x7yBQu.png | /home/agent/projects/cezar/.ai/cezar/worktrees/9ae05dcc-cc09-405c-9934-ab364076aa21/.ai/design-reference/iteration-3/runtime-verified/pairs/x7yBQu-browser.png
T4h3KX,S01. Project settings / General · Desktop dark,settings ba089 — Settings only,/p/default/settings,page,False,historical baseline; final owning-worker integrated state verification required,/home/agent/projects/cezar/.ai/cezar/worktrees/9ae05dcc-cc09-405c-9934-ab364076aa21/.ai/design-reference/iteration-3/design/T4h3KX.png | /home/agent/projects/cezar/.ai/cezar/worktrees/9ae05dcc-cc09-405c-9934-ab364076aa21/.ai/design-reference/iteration-3/runtime-verified/pairs/T4h3KX-browser.png
Y9V5h2,S01. Project settings / General · Mobile dark,settings ba089 — Settings only,/p/default/settings,page,False,historical baseline; final owning-worker integrated state verification required,/home/agent/projects/cezar/.ai/cezar/worktrees/9ae05dcc-cc09-405c-9934-ab364076aa21/.ai/design-reference/iteration-3/design/Y9V5h2.png | /home/agent/projects/cezar/.ai/cezar/worktrees/9ae05dcc-cc09-405c-9934-ab364076aa21/.ai/design-reference/iteration-3/runtime-verified/pairs/Y9V5h2-browser.png
aFFvV,S07. Global settings / General · Desktop light,settings ba089 — Settings only,/settings/global,page,False,historical baseline; final owning-worker integrated state verification required,/home/agent/projects/cezar/.ai/cezar/worktrees/9ae05dcc-cc09-405c-9934-ab364076aa21/.ai/design-reference/iteration-3/design/aFFvV.png | /home/agent/projects/cezar/.ai/cezar/worktrees/9ae05dcc-cc09-405c-9934-ab364076aa21/.ai/design-reference/iteration-3/runtime-verified/pairs/aFFvV-browser.png
yqIfL,S07. Global settings / General · Mobile light,settings ba089 — Settings only,/settings/global,page,False,historical baseline; final owning-worker integrated state verification required,/home/agent/projects/cezar/.ai/cezar/worktrees/9ae05dcc-cc09-405c-9934-ab364076aa21/.ai/design-reference/iteration-3/design/yqIfL.png | /home/agent/projects/cezar/.ai/cezar/worktrees/9ae05dcc-cc09-405c-9934-ab364076aa21/.ai/design-reference/iteration-3/runtime-verified/pairs/yqIfL-browser.png
oHH3V,S07. Global settings / General · Desktop dark,settings ba089 — Settings only,/settings/global,page,False,historical baseline; final owning-worker integrated state verification required,/home/agent/projects/cezar/.ai/cezar/worktrees/9ae05dcc-cc09-405c-9934-ab364076aa21/.ai/design-reference/iteration-3/design/oHH3V.png | /home/agent/projects/cezar/.ai/cezar/worktrees/9ae05dcc-cc09-405c-9934-ab364076aa21/.ai/design-reference/iteration-3/runtime-verified/pairs/oHH3V-browser.png
TrsF6,S07. Global settings / General · Mobile dark,settings ba089 — Settings only,/settings/global,page,False,historical baseline; final owning-worker integrated state verification required,/home/agent/projects/cezar/.ai/cezar/worktrees/9ae05dcc-cc09-405c-9934-ab364076aa21/.ai/design-reference/iteration-3/design/TrsF6.png | /home/agent/projects/cezar/.ai/cezar/worktrees/9ae05dcc-cc09-405c-9934-ab364076aa21/.ai/design-reference/iteration-3/runtime-verified/pairs/TrsF6-browser.png
QifUP,14A. Task changes · Desktop light,session 06,/p/default/tasks/10000000-0000-4000-8000-000000000000/changes,page,False,historical baseline; final owning-worker integrated state verification required,/home/agent/projects/cezar/.ai/cezar/worktrees/9ae05dcc-cc09-405c-9934-ab364076aa21/.ai/design-reference/iteration-3/design/QifUP.png | /home/agent/projects/cezar/.ai/cezar/worktrees/9ae05dcc-cc09-405c-9934-ab364076aa21/.ai/design-reference/iteration-3/runtime-verified/pairs/QifUP-browser.png
M8dqPj,14C. Task changes · Mobile light,session 06,/p/default/tasks/10000000-0000-4000-8000-000000000000/changes,page,False,historical baseline; final owning-worker integrated state verification required,/home/agent/projects/cezar/.ai/cezar/worktrees/9ae05dcc-cc09-405c-9934-ab364076aa21/.ai/design-reference/iteration-3/design/M8dqPj.png | /home/agent/projects/cezar/.ai/cezar/worktrees/9ae05dcc-cc09-405c-9934-ab364076aa21/.ai/design-reference/iteration-3/runtime-verified/pairs/M8dqPj-browser.png
X79RX,14B. Task changes · Desktop dark,session 06,/p/default/tasks/10000000-0000-4000-8000-000000000000/changes,page,False,historical baseline; final owning-worker integrated state verification required,/home/agent/projects/cezar/.ai/cezar/worktrees/9ae05dcc-cc09-405c-9934-ab364076aa21/.ai/design-reference/iteration-3/design/X79RX.png | /home/agent/projects/cezar/.ai/cezar/worktrees/9ae05dcc-cc09-405c-9934-ab364076aa21/.ai/design-reference/iteration-3/runtime-verified/pairs/X79RX-browser.png
rxmtI,14D. Task changes · Mobile dark,session 06,/p/default/tasks/10000000-0000-4000-8000-000000000000/changes,page,False,historical baseline; final owning-worker integrated state verification required,/home/agent/projects/cezar/.ai/cezar/worktrees/9ae05dcc-cc09-405c-9934-ab364076aa21/.ai/design-reference/iteration-3/design/rxmtI.png | /home/agent/projects/cezar/.ai/cezar/worktrees/9ae05dcc-cc09-405c-9934-ab364076aa21/.ai/design-reference/iteration-3/runtime-verified/pairs/rxmtI-browser.png
PjeE9,15A. Task commits · Desktop light,session 06,/p/default/tasks/10000000-0000-4000-8000-000000000000/commits,page,False,historical baseline; final owning-worker integrated state verification required,/home/agent/projects/cezar/.ai/cezar/worktrees/9ae05dcc-cc09-405c-9934-ab364076aa21/.ai/design-reference/iteration-3/design/PjeE9.png | /home/agent/projects/cezar/.ai/cezar/worktrees/9ae05dcc-cc09-405c-9934-ab364076aa21/.ai/design-reference/iteration-3/runtime-verified/pairs/PjeE9-browser.png
feU0A,15C. Task commits · Mobile light,session 06,/p/default/tasks/10000000-0000-4000-8000-000000000000/commits,page,False,historical baseline; final owning-worker integrated state verification required,/home/agent/projects/cezar/.ai/cezar/worktrees/9ae05dcc-cc09-405c-9934-ab364076aa21/.ai/design-reference/iteration-3/design/feU0A.png | /home/agent/projects/cezar/.ai/cezar/worktrees/9ae05dcc-cc09-405c-9934-ab364076aa21/.ai/design-reference/iteration-3/runtime-verified/pairs/feU0A-browser.png
HClxj,15B. Task commits · Desktop dark,session 06,/p/default/tasks/10000000-0000-4000-8000-000000000000/commits,page,False,historical baseline; final owning-worker integrated state verification required,/home/agent/projects/cezar/.ai/cezar/worktrees/9ae05dcc-cc09-405c-9934-ab364076aa21/.ai/design-reference/iteration-3/design/HClxj.png | /home/agent/projects/cezar/.ai/cezar/worktrees/9ae05dcc-cc09-405c-9934-ab364076aa21/.ai/design-reference/iteration-3/runtime-verified/pairs/HClxj-browser.png
ODSy3,15D. Task commits · Mobile dark,session 06,/p/default/tasks/10000000-0000-4000-8000-000000000000/commits,page,False,historical baseline; final owning-worker integrated state verification required,/home/agent/projects/cezar/.ai/cezar/worktrees/9ae05dcc-cc09-405c-9934-ab364076aa21/.ai/design-reference/iteration-3/design/ODSy3.png | /home/agent/projects/cezar/.ai/cezar/worktrees/9ae05dcc-cc09-405c-9934-ab364076aa21/.ai/design-reference/iteration-3/runtime-verified/pairs/ODSy3-browser.png
MFtcY,16A. Task files · Desktop light,session 06,/p/default/tasks/10000000-0000-4000-8000-000000000000/files,page,False,historical baseline; final owning-worker integrated state verification required,/home/agent/projects/cezar/.ai/cezar/worktrees/9ae05dcc-cc09-405c-9934-ab364076aa21/.ai/design-reference/iteration-3/design/MFtcY.png | /home/agent/projects/cezar/.ai/cezar/worktrees/9ae05dcc-cc09-405c-9934-ab364076aa21/.ai/design-reference/iteration-3/runtime-verified/pairs/MFtcY-browser.png
LAKkC,16C. Task files · Mobile light,session 06,/p/default/tasks/10000000-0000-4000-8000-000000000000/files,page,False,historical baseline; final owning-worker integrated state verification required,/home/agent/projects/cezar/.ai/cezar/worktrees/9ae05dcc-cc09-405c-9934-ab364076aa21/.ai/design-reference/iteration-3/design/LAKkC.png | /home/agent/projects/cezar/.ai/cezar/worktrees/9ae05dcc-cc09-405c-9934-ab364076aa21/.ai/design-reference/iteration-3/runtime-verified/pairs/LAKkC-browser.png
l3f2r3,16B. Task files · Desktop dark,session 06,/p/default/tasks/10000000-0000-4000-8000-000000000000/files,page,False,historical baseline; final owning-worker integrated state verification required,/home/agent/projects/cezar/.ai/cezar/worktrees/9ae05dcc-cc09-405c-9934-ab364076aa21/.ai/design-reference/iteration-3/design/l3f2r3.png | /home/agent/projects/cezar/.ai/cezar/worktrees/9ae05dcc-cc09-405c-9934-ab364076aa21/.ai/design-reference/iteration-3/runtime-verified/pairs/l3f2r3-browser.png
S1Gdo,16D. Task files · Mobile dark,session 06,/p/default/tasks/10000000-0000-4000-8000-000000000000/files,page,False,historical baseline; final owning-worker integrated state verification required,/home/agent/projects/cezar/.ai/cezar/worktrees/9ae05dcc-cc09-405c-9934-ab364076aa21/.ai/design-reference/iteration-3/design/S1Gdo.png | /home/agent/projects/cezar/.ai/cezar/worktrees/9ae05dcc-cc09-405c-9934-ab364076aa21/.ai/design-reference/iteration-3/runtime-verified/pairs/S1Gdo-browser.png
T2fE7,17. Sidebar indicators · Desktop light,shared a4395cbb — full shell and exact shared icon adapter,,specimen states,False,historical baseline; final owning-worker integrated state verification required,/home/agent/projects/cezar/.ai/cezar/worktrees/9ae05dcc-cc09-405c-9934-ab364076aa21/.ai/design-reference/iteration-3/design/T2fE7.png | /home/agent/projects/cezar/.ai/cezar/worktrees/9ae05dcc-cc09-405c-9934-ab364076aa21/.ai/design-reference/iteration-3/runtime-verified/pairs/sidebar-states-light-desktop-scroll-0.5.png | /home/agent/projects/cezar/.ai/cezar/worktrees/9ae05dcc-cc09-405c-9934-ab364076aa21/.ai/design-reference/iteration-3/runtime-verified/pairs/sidebar-states-light-desktop-scroll-1.png | /home/agent/projects/cezar/.ai/cezar/worktrees/9ae05dcc-cc09-405c-9934-ab364076aa21/.ai/design-reference/iteration-3/runtime-verified/pairs/sidebar-states-light-desktop.png
L61J13,17. Sidebar indicators · Desktop dark,shared a4395cbb — full shell and exact shared icon adapter,,specimen states,False,historical baseline; final owning-worker integrated state verification required,/home/agent/projects/cezar/.ai/cezar/worktrees/9ae05dcc-cc09-405c-9934-ab364076aa21/.ai/design-reference/iteration-3/design/L61J13.png | /home/agent/projects/cezar/.ai/cezar/worktrees/9ae05dcc-cc09-405c-9934-ab364076aa21/.ai/design-reference/iteration-3/runtime-verified/pairs/sidebar-states-dark-desktop-scroll-0.5.png | /home/agent/projects/cezar/.ai/cezar/worktrees/9ae05dcc-cc09-405c-9934-ab364076aa21/.ai/design-reference/iteration-3/runtime-verified/pairs/sidebar-states-dark-desktop-scroll-1.png | /home/agent/projects/cezar/.ai/cezar/worktrees/9ae05dcc-cc09-405c-9934-ab364076aa21/.ai/design-reference/iteration-3/runtime-verified/pairs/sidebar-states-dark-desktop.png
cfIXv,17. Sidebar indicators · Mobile light,shared a4395cbb — full shell and exact shared icon adapter,,specimen states,False,historical baseline; final owning-worker integrated state verification required,/home/agent/projects/cezar/.ai/cezar/worktrees/9ae05dcc-cc09-405c-9934-ab364076aa21/.ai/design-reference/iteration-3/design/cfIXv.png | /home/agent/projects/cezar/.ai/cezar/worktrees/9ae05dcc-cc09-405c-9934-ab364076aa21/.ai/design-reference/iteration-3/runtime-verified/pairs/sidebar-states-light-mobile-scroll-0.5.png | /home/agent/projects/cezar/.ai/cezar/worktrees/9ae05dcc-cc09-405c-9934-ab364076aa21/.ai/design-reference/iteration-3/runtime-verified/pairs/sidebar-states-light-mobile-scroll-1.png | /home/agent/projects/cezar/.ai/cezar/worktrees/9ae05dcc-cc09-405c-9934-ab364076aa21/.ai/design-reference/iteration-3/runtime-verified/pairs/sidebar-states-light-mobile.png
zSP4H,17. Sidebar indicators · Mobile dark,shared a4395cbb — full shell and exact shared icon adapter,,specimen states,False,historical baseline; final owning-worker integrated state verification required,/home/agent/projects/cezar/.ai/cezar/worktrees/9ae05dcc-cc09-405c-9934-ab364076aa21/.ai/design-reference/iteration-3/design/zSP4H.png | /home/agent/projects/cezar/.ai/cezar/worktrees/9ae05dcc-cc09-405c-9934-ab364076aa21/.ai/design-reference/iteration-3/runtime-verified/pairs/sidebar-states-dark-mobile-scroll-0.5.png | /home/agent/projects/cezar/.ai/cezar/worktrees/9ae05dcc-cc09-405c-9934-ab364076aa21/.ai/design-reference/iteration-3/runtime-verified/pairs/sidebar-states-dark-mobile-scroll-1.png | /home/agent/projects/cezar/.ai/cezar/worktrees/9ae05dcc-cc09-405c-9934-ab364076aa21/.ai/design-reference/iteration-3/runtime-verified/pairs/sidebar-states-dark-mobile.png
OeHGM,18. Appearance · Density and reading-width behavior,shared a4395cbb — full shell and exact shared icon adapter,,specimen states,False,historical baseline; final owning-worker integrated state verification required,/home/agent/projects/cezar/.ai/cezar/worktrees/9ae05dcc-cc09-405c-9934-ab364076aa21/.ai/design-reference/iteration-3/design/OeHGM.png | /home/agent/projects/cezar/.ai/cezar/worktrees/9ae05dcc-cc09-405c-9934-ab364076aa21/.ai/design-reference/iteration-3/runtime-verified/pairs/appearance-dark-comfortable-narrow.png | /home/agent/projects/cezar/.ai/cezar/worktrees/9ae05dcc-cc09-405c-9934-ab364076aa21/.ai/design-reference/iteration-3/runtime-verified/pairs/appearance-dark-comfortable-wide.png | /home/agent/projects/cezar/.ai/cezar/worktrees/9ae05dcc-cc09-405c-9934-ab364076aa21/.ai/design-reference/iteration-3/runtime-verified/pairs/appearance-dark-compact-narrow.png | /home/agent/projects/cezar/.ai/cezar/worktrees/9ae05dcc-cc09-405c-9934-ab364076aa21/.ai/design-reference/iteration-3/runtime-verified/pairs/appearance-dark-compact-wide.png | /home/agent/projects/cezar/.ai/cezar/worktrees/9ae05dcc-cc09-405c-9934-ab364076aa21/.ai/design-reference/iteration-3/runtime-verified/pairs/appearance-dark-ultra-narrow.png | /home/agent/projects/cezar/.ai/cezar/worktrees/9ae05dcc-cc09-405c-9934-ab364076aa21/.ai/design-reference/iteration-3/runtime-verified/pairs/appearance-dark-ultra-wide.png | /home/agent/projects/cezar/.ai/cezar/worktrees/9ae05dcc-cc09-405c-9934-ab364076aa21/.ai/design-reference/iteration-3/runtime-verified/pairs/appearance-light-comfortable-narrow.png | /home/agent/projects/cezar/.ai/cezar/worktrees/9ae05dcc-cc09-405c-9934-ab364076aa21/.ai/design-reference/iteration-3/runtime-verified/pairs/appearance-light-comfortable-wide.png | /home/agent/projects/cezar/.ai/cezar/worktrees/9ae05dcc-cc09-405c-9934-ab364076aa21/.ai/design-reference/iteration-3/runtime-verified/pairs/appearance-light-compact-narrow.png | /home/agent/projects/cezar/.ai/cezar/worktrees/9ae05dcc-cc09-405c-9934-ab364076aa21/.ai/design-reference/iteration-3/runtime-verified/pairs/appearance-light-compact-wide.png | /home/agent/projects/cezar/.ai/cezar/worktrees/9ae05dcc-cc09-405c-9934-ab364076aa21/.ai/design-reference/iteration-3/runtime-verified/pairs/appearance-light-ultra-narrow.png | /home/agent/projects/cezar/.ai/cezar/worktrees/9ae05dcc-cc09-405c-9934-ab364076aa21/.ai/design-reference/iteration-3/runtime-verified/pairs/appearance-light-ultra-wide.png
gqaUM,10. Run from GitHub · Desktop light,Skills/Workflows — new worker queued,/p/default/skills,page,False,historical baseline; final owning-worker integrated state verification required,/home/agent/projects/cezar/.ai/cezar/worktrees/9ae05dcc-cc09-405c-9934-ab364076aa21/.ai/design-reference/iteration-3/design/gqaUM.png | /home/agent/projects/cezar/.ai/cezar/worktrees/9ae05dcc-cc09-405c-9934-ab364076aa21/.ai/design-reference/iteration-3/runtime-verified/pairs/gqaUM-detail-browser.png
EsGpp,10. Run from GitHub · Desktop dark,Skills/Workflows — new worker queued,/p/default/skills,page,False,historical baseline; final owning-worker integrated state verification required,/home/agent/projects/cezar/.ai/cezar/worktrees/9ae05dcc-cc09-405c-9934-ab364076aa21/.ai/design-reference/iteration-3/design/EsGpp.png | /home/agent/projects/cezar/.ai/cezar/worktrees/9ae05dcc-cc09-405c-9934-ab364076aa21/.ai/design-reference/iteration-3/runtime-verified/pairs/EsGpp-detail-browser.png
YS15Y,10. Run from GitHub · Mobile light,Skills/Workflows — new worker queued,/p/default/skills,page,False,historical baseline; final owning-worker integrated state verification required,/home/agent/projects/cezar/.ai/cezar/worktrees/9ae05dcc-cc09-405c-9934-ab364076aa21/.ai/design-reference/iteration-3/design/YS15Y.png | /home/agent/projects/cezar/.ai/cezar/worktrees/9ae05dcc-cc09-405c-9934-ab364076aa21/.ai/design-reference/iteration-3/runtime-verified/pairs/YS15Y-detail-browser.png
wLVhd,10. Run from GitHub · Mobile dark,Skills/Workflows — new worker queued,/p/default/skills,page,False,historical baseline; final owning-worker integrated state verification required,/home/agent/projects/cezar/.ai/cezar/worktrees/9ae05dcc-cc09-405c-9934-ab364076aa21/.ai/design-reference/iteration-3/design/wLVhd.png | /home/agent/projects/cezar/.ai/cezar/worktrees/9ae05dcc-cc09-405c-9934-ab364076aa21/.ai/design-reference/iteration-3/runtime-verified/pairs/wLVhd-detail-browser.png
acXhB,10. Skill detail · Mobile light,Skills/Workflows — new worker queued,/p/default/skills,page,False,historical baseline; final owning-worker integrated state verification required,/home/agent/projects/cezar/.ai/cezar/worktrees/9ae05dcc-cc09-405c-9934-ab364076aa21/.ai/design-reference/iteration-3/design/acXhB.png | /home/agent/projects/cezar/.ai/cezar/worktrees/9ae05dcc-cc09-405c-9934-ab364076aa21/.ai/design-reference/iteration-3/runtime-verified/pairs/acXhB-detail-browser.png
utoCL,10. Skill detail · Mobile dark,Skills/Workflows — new worker queued,/p/default/skills,page,False,historical baseline; final owning-worker integrated state verification required,/home/agent/projects/cezar/.ai/cezar/worktrees/9ae05dcc-cc09-405c-9934-ab364076aa21/.ai/design-reference/iteration-3/design/utoCL.png | /home/agent/projects/cezar/.ai/cezar/worktrees/9ae05dcc-cc09-405c-9934-ab364076aa21/.ai/design-reference/iteration-3/runtime-verified/pairs/utoCL-detail-browser.png
f2LGv,10. Manage skills · Desktop light,Skills/Workflows — new worker queued,/p/default/skills,page,False,historical baseline; final owning-worker integrated state verification required,/home/agent/projects/cezar/.ai/cezar/worktrees/9ae05dcc-cc09-405c-9934-ab364076aa21/.ai/design-reference/iteration-3/design/f2LGv.png | /home/agent/projects/cezar/.ai/cezar/worktrees/9ae05dcc-cc09-405c-9934-ab364076aa21/.ai/design-reference/iteration-3/runtime-verified/pairs/f2LGv-detail-browser.png
suUEJ,10. Manage skills · Desktop dark,Skills/Workflows — new worker queued,/p/default/skills,page,False,historical baseline; final owning-worker integrated state verification required,/home/agent/projects/cezar/.ai/cezar/worktrees/9ae05dcc-cc09-405c-9934-ab364076aa21/.ai/design-reference/iteration-3/design/suUEJ.png | /home/agent/projects/cezar/.ai/cezar/worktrees/9ae05dcc-cc09-405c-9934-ab364076aa21/.ai/design-reference/iteration-3/runtime-verified/pairs/suUEJ-detail-browser.png
MB5Yx,10. Manage skills · Mobile light,Skills/Workflows — new worker queued,/p/default/skills,page,False,historical baseline; final owning-worker integrated state verification required,/home/agent/projects/cezar/.ai/cezar/worktrees/9ae05dcc-cc09-405c-9934-ab364076aa21/.ai/design-reference/iteration-3/design/MB5Yx.png | /home/agent/projects/cezar/.ai/cezar/worktrees/9ae05dcc-cc09-405c-9934-ab364076aa21/.ai/design-reference/iteration-3/runtime-verified/pairs/MB5Yx-detail-browser.png
IbcKi,10. Manage skills · Mobile dark,Skills/Workflows — new worker queued,/p/default/skills,page,False,historical baseline; final owning-worker integrated state verification required,/home/agent/projects/cezar/.ai/cezar/worktrees/9ae05dcc-cc09-405c-9934-ab364076aa21/.ai/design-reference/iteration-3/design/IbcKi.png | /home/agent/projects/cezar/.ai/cezar/worktrees/9ae05dcc-cc09-405c-9934-ab364076aa21/.ai/design-reference/iteration-3/runtime-verified/pairs/IbcKi-detail-browser.png
VDDSI,11. Workflow Auto open · Desktop light,Skills/Workflows — new worker queued,/p/default/workflows,page,False,historical baseline; final owning-worker integrated state verification required,/home/agent/projects/cezar/.ai/cezar/worktrees/9ae05dcc-cc09-405c-9934-ab364076aa21/.ai/design-reference/iteration-3/design/VDDSI.png | /home/agent/projects/cezar/.ai/cezar/worktrees/9ae05dcc-cc09-405c-9934-ab364076aa21/.ai/design-reference/iteration-3/runtime-verified/pairs/VDDSI-state-browser.png
MmQCH,11. Workflow Auto open · Desktop dark,Skills/Workflows — new worker queued,/p/default/workflows,page,False,historical baseline; final owning-worker integrated state verification required,/home/agent/projects/cezar/.ai/cezar/worktrees/9ae05dcc-cc09-405c-9934-ab364076aa21/.ai/design-reference/iteration-3/design/MmQCH.png | /home/agent/projects/cezar/.ai/cezar/worktrees/9ae05dcc-cc09-405c-9934-ab364076aa21/.ai/design-reference/iteration-3/runtime-verified/pairs/MmQCH-state-browser.png
Zsg4w,11. Workflow Auto open · Mobile light,Skills/Workflows — new worker queued,/p/default/workflows,page,False,historical baseline; final owning-worker integrated state verification required,/home/agent/projects/cezar/.ai/cezar/worktrees/9ae05dcc-cc09-405c-9934-ab364076aa21/.ai/design-reference/iteration-3/design/Zsg4w.png | /home/agent/projects/cezar/.ai/cezar/worktrees/9ae05dcc-cc09-405c-9934-ab364076aa21/.ai/design-reference/iteration-3/runtime-verified/pairs/Zsg4w-state-browser.png
e7UWy,11. Workflow Auto open · Mobile dark,Skills/Workflows — new worker queued,/p/default/workflows,page,False,historical baseline; final owning-worker integrated state verification required,/home/agent/projects/cezar/.ai/cezar/worktrees/9ae05dcc-cc09-405c-9934-ab364076aa21/.ai/design-reference/iteration-3/design/e7UWy.png | /home/agent/projects/cezar/.ai/cezar/worktrees/9ae05dcc-cc09-405c-9934-ab364076aa21/.ai/design-reference/iteration-3/runtime-verified/pairs/e7UWy-state-browser.png
e8wQer,19A. Inbox · Follow-up review,tasks 445,/p/default/inbox,page,False,historical baseline; final owning-worker integrated state verification required,/home/agent/projects/cezar/.ai/cezar/worktrees/9ae05dcc-cc09-405c-9934-ab364076aa21/.ai/design-reference/iteration-3/design/e8wQer.png | /home/agent/projects/cezar/.ai/cezar/worktrees/9ae05dcc-cc09-405c-9934-ab364076aa21/.ai/design-reference/iteration-3/runtime-verified/pairs/e8wQer-browser.png
f2220g,20A. Automations · List and activity,tasks 445,/p/default/automations,page,False,historical baseline; final owning-worker integrated state verification required,/home/agent/projects/cezar/.ai/cezar/worktrees/9ae05dcc-cc09-405c-9934-ab364076aa21/.ai/design-reference/iteration-3/design/f2220g.png | /home/agent/projects/cezar/.ai/cezar/worktrees/9ae05dcc-cc09-405c-9934-ab364076aa21/.ai/design-reference/iteration-3/runtime-verified/pairs/f2220g-browser.png
UFERI,20B. Automations · Editor,tasks 445,/p/default/automations/fixture-auto,page,False,historical baseline; final owning-worker integrated state verification required,/home/agent/projects/cezar/.ai/cezar/worktrees/9ae05dcc-cc09-405c-9934-ab364076aa21/.ai/design-reference/iteration-3/design/UFERI.png | /home/agent/projects/cezar/.ai/cezar/worktrees/9ae05dcc-cc09-405c-9934-ab364076aa21/.ai/design-reference/iteration-3/runtime-verified/pairs/UFERI-browser.png
yH9DZ,21A. Variant comparison · Results,tasks 445,/p/default/compare/fixture-group,page,False,historical baseline; final owning-worker integrated state verification required,/home/agent/projects/cezar/.ai/cezar/worktrees/9ae05dcc-cc09-405c-9934-ab364076aa21/.ai/design-reference/iteration-3/design/yH9DZ.png | /home/agent/projects/cezar/.ai/cezar/worktrees/9ae05dcc-cc09-405c-9934-ab364076aa21/.ai/design-reference/iteration-3/runtime-verified/pairs/yH9DZ-browser.png
empfw,22A. Plan review · Reorder and start,session 06,/p/default/tasks/10000000-0000-4000-8000-000000000000,page,False,historical baseline; final owning-worker integrated state verification required,/home/agent/projects/cezar/.ai/cezar/worktrees/9ae05dcc-cc09-405c-9934-ab364076aa21/.ai/design-reference/iteration-3/design/empfw.png | /home/agent/projects/cezar/.ai/cezar/worktrees/9ae05dcc-cc09-405c-9934-ab364076aa21/.ai/design-reference/iteration-3/runtime-verified/pairs/empfw-plan-browser.png
O2W1k,23A. New task · Starters and follow-ups,session 06,/p/default/new,page,False,historical baseline; final owning-worker integrated state verification required,/home/agent/projects/cezar/.ai/cezar/worktrees/9ae05dcc-cc09-405c-9934-ab364076aa21/.ai/design-reference/iteration-3/design/O2W1k.png | /home/agent/projects/cezar/.ai/cezar/worktrees/9ae05dcc-cc09-405c-9934-ab364076aa21/.ai/design-reference/iteration-3/runtime-verified/pairs/O2W1k-browser.png
qTzd6,24A. Shared navigation · Optional tools and project entry,tools e2fa,/tools,page,True,refreshed owned Tools pair; integrated acceptance pending,/home/agent/projects/cezar/.ai/cezar/worktrees/9ae05dcc-cc09-405c-9934-ab364076aa21/.ai/design-reference/iteration-3/design/qTzd6.png | /home/agent/projects/cezar/.ai/cezar/worktrees/9ae05dcc-cc09-405c-9934-ab364076aa21/.ai/design-reference/iteration-3/tools-final-shell/tools-matched-light.png
M5SWe,25A. Project tasks · Full resource table and column menu,tasks 445,/p/default/,page,False,historical baseline; final owning-worker integrated state verification required,/home/agent/projects/cezar/.ai/cezar/worktrees/9ae05dcc-cc09-405c-9934-ab364076aa21/.ai/design-reference/iteration-3/design/M5SWe.png | /home/agent/projects/cezar/.ai/cezar/worktrees/9ae05dcc-cc09-405c-9934-ab364076aa21/.ai/design-reference/iteration-3/runtime-verified/pairs/M5SWe-state-browser.png
AHKNo,"26A. All tasks · Grouping, tags and run actions",tasks 445,/tasks,page,False,historical baseline; final owning-worker integrated state verification required,/home/agent/projects/cezar/.ai/cezar/worktrees/9ae05dcc-cc09-405c-9934-ab364076aa21/.ai/design-reference/iteration-3/design/AHKNo.png | /home/agent/projects/cezar/.ai/cezar/worktrees/9ae05dcc-cc09-405c-9934-ab364076aa21/.ai/design-reference/iteration-3/runtime-verified/pairs/AHKNo-populated-browser.png
I44Ul8,"27A. GitHub · PR conversation, filters and readiness",git 565,/p/default/github/prs/218,page,False,historical baseline; final owning-worker integrated state verification required,/home/agent/projects/cezar/.ai/cezar/worktrees/9ae05dcc-cc09-405c-9934-ab364076aa21/.ai/design-reference/iteration-3/design/I44Ul8.png | /home/agent/projects/cezar/.ai/cezar/worktrees/9ae05dcc-cc09-405c-9934-ab364076aa21/.ai/design-reference/iteration-3/runtime-verified/pairs/I44Ul8-detail-browser.png
ZhHkR,28A. Task actions · Menu and handoff reader,tasks 445,/p/default/tasks/10000000-0000-4000-8000-000000000000,page,False,historical baseline; final owning-worker integrated state verification required,/home/agent/projects/cezar/.ai/cezar/worktrees/9ae05dcc-cc09-405c-9934-ab364076aa21/.ai/design-reference/iteration-3/design/ZhHkR.png | /home/agent/projects/cezar/.ai/cezar/worktrees/9ae05dcc-cc09-405c-9934-ab364076aa21/.ai/design-reference/iteration-3/runtime-verified/pairs/ZhHkR-state-browser.png
rEzlh,"29A. Confirmation dialogs · Tasks, variants and plans",tasks 445,,specimen states,False,historical baseline; final owning-worker integrated state verification required,/home/agent/projects/cezar/.ai/cezar/worktrees/9ae05dcc-cc09-405c-9934-ab364076aa21/.ai/design-reference/iteration-3/design/rEzlh.png | /home/agent/projects/cezar/.ai/cezar/worktrees/9ae05dcc-cc09-405c-9934-ab364076aa21/.ai/design-reference/iteration-3/runtime-verified/pairs/confirm-delete-task-light.png | /home/agent/projects/cezar/.ai/cezar/worktrees/9ae05dcc-cc09-405c-9934-ab364076aa21/.ai/design-reference/iteration-3/runtime-verified/pairs/confirm-pick-variant-light.png | /home/agent/projects/cezar/.ai/cezar/worktrees/9ae05dcc-cc09-405c-9934-ab364076aa21/.ai/design-reference/iteration-3/runtime-verified/pairs/confirm-plan-overwrite-light.png
zSB9u,"27B. GitHub PR · Changes, blocked merge and confirmation",git 565,/p/default/github/prs/218,page,False,historical baseline; final owning-worker integrated state verification required,/home/agent/projects/cezar/.ai/cezar/worktrees/9ae05dcc-cc09-405c-9934-ab364076aa21/.ai/design-reference/iteration-3/design/zSB9u.png | /home/agent/projects/cezar/.ai/cezar/worktrees/9ae05dcc-cc09-405c-9934-ab364076aa21/.ai/design-reference/iteration-3/runtime-verified/pairs/zSB9u-detail-browser.png
ur8ZK,S02. Project settings / Agents · Desktop light,settings ba089 — Settings only,/p/default/settings/agents,page,False,historical baseline; final owning-worker integrated state verification required,/home/agent/projects/cezar/.ai/cezar/worktrees/9ae05dcc-cc09-405c-9934-ab364076aa21/.ai/design-reference/iteration-3/design/ur8ZK.png | /home/agent/projects/cezar/.ai/cezar/worktrees/9ae05dcc-cc09-405c-9934-ab364076aa21/.ai/design-reference/iteration-3/runtime-verified/pairs/ur8ZK-browser.png
w1inBF,S03. Project settings / Agent config · Desktop light,settings ba089 — Settings only,/p/default/settings/agent-config,page,False,historical baseline; final owning-worker integrated state verification required,/home/agent/projects/cezar/.ai/cezar/worktrees/9ae05dcc-cc09-405c-9934-ab364076aa21/.ai/design-reference/iteration-3/design/w1inBF.png | /home/agent/projects/cezar/.ai/cezar/worktrees/9ae05dcc-cc09-405c-9934-ab364076aa21/.ai/design-reference/iteration-3/runtime-verified/pairs/w1inBF-browser.png
LmL0v,S04. Project settings / Worktrees · Desktop light,settings ba089 — Settings only,/p/default/settings/worktrees,page,False,historical baseline; final owning-worker integrated state verification required,/home/agent/projects/cezar/.ai/cezar/worktrees/9ae05dcc-cc09-405c-9934-ab364076aa21/.ai/design-reference/iteration-3/design/LmL0v.png | /home/agent/projects/cezar/.ai/cezar/worktrees/9ae05dcc-cc09-405c-9934-ab364076aa21/.ai/design-reference/iteration-3/runtime-verified/pairs/LmL0v-browser.png
cv6mn,S06. Project settings / Prompt templates · Desktop light,settings ba089 — Settings only,/p/default/settings/prompt-templates,page,False,historical baseline; final owning-worker integrated state verification required,/home/agent/projects/cezar/.ai/cezar/worktrees/9ae05dcc-cc09-405c-9934-ab364076aa21/.ai/design-reference/iteration-3/design/cv6mn.png | /home/agent/projects/cezar/.ai/cezar/worktrees/9ae05dcc-cc09-405c-9934-ab364076aa21/.ai/design-reference/iteration-3/runtime-verified/pairs/cv6mn-browser.png
x1Iye,S09. Global settings / Notifications · Desktop light,settings ba089 — Settings only,/settings/global/notifications,page,False,historical baseline; final owning-worker integrated state verification required,/home/agent/projects/cezar/.ai/cezar/worktrees/9ae05dcc-cc09-405c-9934-ab364076aa21/.ai/design-reference/iteration-3/design/x1Iye.png | /home/agent/projects/cezar/.ai/cezar/worktrees/9ae05dcc-cc09-405c-9934-ab364076aa21/.ai/design-reference/iteration-3/runtime-verified/pairs/x1Iye-browser.png
sBaI8,S10. Global settings / Resources · Desktop light,settings ba089 — Settings only,/settings/global/resources,page,False,historical baseline; final owning-worker integrated state verification required,/home/agent/projects/cezar/.ai/cezar/worktrees/9ae05dcc-cc09-405c-9934-ab364076aa21/.ai/design-reference/iteration-3/design/sBaI8.png | /home/agent/projects/cezar/.ai/cezar/worktrees/9ae05dcc-cc09-405c-9934-ab364076aa21/.ai/design-reference/iteration-3/runtime-verified/pairs/sBaI8-browser.png
RysDF,S11. Global settings / Skills · Desktop light,settings ba089 — Settings only,/settings/global/skills,page,False,historical baseline; final owning-worker integrated state verification required,/home/agent/projects/cezar/.ai/cezar/worktrees/9ae05dcc-cc09-405c-9934-ab364076aa21/.ai/design-reference/iteration-3/design/RysDF.png | /home/agent/projects/cezar/.ai/cezar/worktrees/9ae05dcc-cc09-405c-9934-ab364076aa21/.ai/design-reference/iteration-3/runtime-verified/pairs/RysDF-browser.png
XLiCf,S12. Global settings / Agent accounts · Desktop light,settings ba089 — Settings only,/settings/global/accounts,page,False,historical baseline; final owning-worker integrated state verification required,/home/agent/projects/cezar/.ai/cezar/worktrees/9ae05dcc-cc09-405c-9934-ab364076aa21/.ai/design-reference/iteration-3/design/XLiCf.png | /home/agent/projects/cezar/.ai/cezar/worktrees/9ae05dcc-cc09-405c-9934-ab364076aa21/.ai/design-reference/iteration-3/runtime-verified/pairs/XLiCf-browser.png
Id0Gw,S13. Global settings / Projects · Desktop light,settings ba089 — Settings only,/settings/global/projects,page,False,historical baseline; final owning-worker integrated state verification required,/home/agent/projects/cezar/.ai/cezar/worktrees/9ae05dcc-cc09-405c-9934-ab364076aa21/.ai/design-reference/iteration-3/design/Id0Gw.png | /home/agent/projects/cezar/.ai/cezar/worktrees/9ae05dcc-cc09-405c-9934-ab364076aa21/.ai/design-reference/iteration-3/runtime-verified/pairs/Id0Gw-browser.png
lRC5W,"32A. Workflow editing · Import, Add step and Delete",Skills/Workflows — new worker queued,,page,False,historical baseline; final owning-worker integrated state verification required,/home/agent/projects/cezar/.ai/cezar/worktrees/9ae05dcc-cc09-405c-9934-ab364076aa21/.ai/design-reference/iteration-3/design/lRC5W.png | /home/agent/projects/cezar/.ai/cezar/worktrees/9ae05dcc-cc09-405c-9934-ab364076aa21/.ai/design-reference/iteration-3/runtime-verified/pairs/lRC5W-state-browser.png
mpyjl,"33A. Optional features · Disabled, empty and waiting states",tasks 445,,specimen states,False,historical baseline; final owning-worker integrated state verification required,/home/agent/projects/cezar/.ai/cezar/worktrees/9ae05dcc-cc09-405c-9934-ab364076aa21/.ai/design-reference/iteration-3/design/mpyjl.png | /home/agent/projects/cezar/.ai/cezar/worktrees/9ae05dcc-cc09-405c-9934-ab364076aa21/.ai/design-reference/iteration-3/runtime-verified/pairs/automations-disabled-light.png | /home/agent/projects/cezar/.ai/cezar/worktrees/9ae05dcc-cc09-405c-9934-ab364076aa21/.ai/design-reference/iteration-3/runtime-verified/pairs/automations-empty-light.png | /home/agent/projects/cezar/.ai/cezar/worktrees/9ae05dcc-cc09-405c-9934-ab364076aa21/.ai/design-reference/iteration-3/runtime-verified/pairs/inbox-disabled-light.png | /home/agent/projects/cezar/.ai/cezar/worktrees/9ae05dcc-cc09-405c-9934-ab364076aa21/.ai/design-reference/iteration-3/runtime-verified/pairs/inbox-empty-light.png | /home/agent/projects/cezar/.ai/cezar/worktrees/9ae05dcc-cc09-405c-9934-ab364076aa21/.ai/design-reference/iteration-3/runtime-verified/pairs/variants-error-light.png | /home/agent/projects/cezar/.ai/cezar/worktrees/9ae05dcc-cc09-405c-9934-ab364076aa21/.ai/design-reference/iteration-3/runtime-verified/pairs/variants-waiting-light.png
N6NED,19A. Inbox · Mobile light,tasks 445,/p/default/inbox,page,False,historical baseline; final owning-worker integrated state verification required,/home/agent/projects/cezar/.ai/cezar/worktrees/9ae05dcc-cc09-405c-9934-ab364076aa21/.ai/design-reference/iteration-3/design/N6NED.png | /home/agent/projects/cezar/.ai/cezar/worktrees/9ae05dcc-cc09-405c-9934-ab364076aa21/.ai/design-reference/iteration-3/runtime-verified/pairs/N6NED-browser.png
Jn0Bt,20B. Automation editor · Mobile light,tasks 445,/p/default/automations/fixture-auto,page,False,historical baseline; final owning-worker integrated state verification required,/home/agent/projects/cezar/.ai/cezar/worktrees/9ae05dcc-cc09-405c-9934-ab364076aa21/.ai/design-reference/iteration-3/design/Jn0Bt.png | /home/agent/projects/cezar/.ai/cezar/worktrees/9ae05dcc-cc09-405c-9934-ab364076aa21/.ai/design-reference/iteration-3/runtime-verified/pairs/Jn0Bt-browser.png
hG4Cl,21A. Compare variants · Mobile light,tasks 445,/p/default/compare/fixture-group,page,False,historical baseline; final owning-worker integrated state verification required,/home/agent/projects/cezar/.ai/cezar/worktrees/9ae05dcc-cc09-405c-9934-ab364076aa21/.ai/design-reference/iteration-3/design/hG4Cl.png | /home/agent/projects/cezar/.ai/cezar/worktrees/9ae05dcc-cc09-405c-9934-ab364076aa21/.ai/design-reference/iteration-3/runtime-verified/pairs/hG4Cl-browser.png
i9Si8J,22A. Plan review · Mobile light,session 06,/p/default/tasks/10000000-0000-4000-8000-000000000000,page,False,historical baseline; final owning-worker integrated state verification required,/home/agent/projects/cezar/.ai/cezar/worktrees/9ae05dcc-cc09-405c-9934-ab364076aa21/.ai/design-reference/iteration-3/design/i9Si8J.png | /home/agent/projects/cezar/.ai/cezar/worktrees/9ae05dcc-cc09-405c-9934-ab364076aa21/.ai/design-reference/iteration-3/runtime-verified/pairs/i9Si8J-plan-browser.png
ogTQi,28A. Task actions · Mobile light,tasks 445,/p/default/tasks/10000000-0000-4000-8000-000000000000,page,False,historical baseline; final owning-worker integrated state verification required,/home/agent/projects/cezar/.ai/cezar/worktrees/9ae05dcc-cc09-405c-9934-ab364076aa21/.ai/design-reference/iteration-3/design/ogTQi.png | /home/agent/projects/cezar/.ai/cezar/worktrees/9ae05dcc-cc09-405c-9934-ab364076aa21/.ai/design-reference/iteration-3/runtime-verified/pairs/ogTQi-state-browser.png
RvbXf,27B. PR changes and merge · Mobile light,git 565,/p/default/github/prs/218,page,False,historical baseline; final owning-worker integrated state verification required,/home/agent/projects/cezar/.ai/cezar/worktrees/9ae05dcc-cc09-405c-9934-ab364076aa21/.ai/design-reference/iteration-3/design/RvbXf.png | /home/agent/projects/cezar/.ai/cezar/worktrees/9ae05dcc-cc09-405c-9934-ab364076aa21/.ai/design-reference/iteration-3/runtime-verified/pairs/RvbXf-detail-browser.png
OGJJ1,S10. Global settings / Resources · Mobile light,settings ba089 — Settings only,/settings/global/resources,page,False,historical baseline; final owning-worker integrated state verification required,/home/agent/projects/cezar/.ai/cezar/worktrees/9ae05dcc-cc09-405c-9934-ab364076aa21/.ai/design-reference/iteration-3/design/OGJJ1.png | /home/agent/projects/cezar/.ai/cezar/worktrees/9ae05dcc-cc09-405c-9934-ab364076aa21/.ai/design-reference/iteration-3/runtime-verified/pairs/OGJJ1-browser.png
djknR,32A. Import workflow · Mobile light,Skills/Workflows — new worker queued,,page,False,historical baseline; final owning-worker integrated state verification required,/home/agent/projects/cezar/.ai/cezar/worktrees/9ae05dcc-cc09-405c-9934-ab364076aa21/.ai/design-reference/iteration-3/design/djknR.png | /home/agent/projects/cezar/.ai/cezar/worktrees/9ae05dcc-cc09-405c-9934-ab364076aa21/.ai/design-reference/iteration-3/runtime-verified/pairs/djknR-state-browser.png
lpRVc,25B. Project tasks · Mobile floating New task,tasks 445,/p/default/,page,False,historical baseline; final owning-worker integrated state verification required,/home/agent/projects/cezar/.ai/cezar/worktrees/9ae05dcc-cc09-405c-9934-ab364076aa21/.ai/design-reference/iteration-3/design/lpRVc.png | /home/agent/projects/cezar/.ai/cezar/worktrees/9ae05dcc-cc09-405c-9934-ab364076aa21/.ai/design-reference/iteration-3/runtime-verified/pairs/lpRVc-detail-browser.png
moM53,19A. Inbox · Follow-up review · Dark,tasks 445,/p/default/inbox,page,False,historical baseline; final owning-worker integrated state verification required,/home/agent/projects/cezar/.ai/cezar/worktrees/9ae05dcc-cc09-405c-9934-ab364076aa21/.ai/design-reference/iteration-3/design/moM53.png | /home/agent/projects/cezar/.ai/cezar/worktrees/9ae05dcc-cc09-405c-9934-ab364076aa21/.ai/design-reference/iteration-3/runtime-verified/pairs/moM53-browser.png
s6Ih0I,20A. Automations · List and activity · Dark,tasks 445,/p/default/automations,page,False,historical baseline; final owning-worker integrated state verification required,/home/agent/projects/cezar/.ai/cezar/worktrees/9ae05dcc-cc09-405c-9934-ab364076aa21/.ai/design-reference/iteration-3/design/s6Ih0I.png | /home/agent/projects/cezar/.ai/cezar/worktrees/9ae05dcc-cc09-405c-9934-ab364076aa21/.ai/design-reference/iteration-3/runtime-verified/pairs/s6Ih0I-browser.png
YVkaw,20B. Automations · Editor · Dark,tasks 445,/p/default/automations/fixture-auto,page,False,historical baseline; final owning-worker integrated state verification required,/home/agent/projects/cezar/.ai/cezar/worktrees/9ae05dcc-cc09-405c-9934-ab364076aa21/.ai/design-reference/iteration-3/design/YVkaw.png | /home/agent/projects/cezar/.ai/cezar/worktrees/9ae05dcc-cc09-405c-9934-ab364076aa21/.ai/design-reference/iteration-3/runtime-verified/pairs/YVkaw-browser.png
owGYp,21A. Variant comparison · Results · Dark,tasks 445,/p/default/compare/fixture-group,page,False,historical baseline; final owning-worker integrated state verification required,/home/agent/projects/cezar/.ai/cezar/worktrees/9ae05dcc-cc09-405c-9934-ab364076aa21/.ai/design-reference/iteration-3/design/owGYp.png | /home/agent/projects/cezar/.ai/cezar/worktrees/9ae05dcc-cc09-405c-9934-ab364076aa21/.ai/design-reference/iteration-3/runtime-verified/pairs/owGYp-browser.png
Oo1J1,22A. Plan review · Reorder and start · Dark,session 06,/p/default/tasks/10000000-0000-4000-8000-000000000000,page,False,historical baseline; final owning-worker integrated state verification required,/home/agent/projects/cezar/.ai/cezar/worktrees/9ae05dcc-cc09-405c-9934-ab364076aa21/.ai/design-reference/iteration-3/design/Oo1J1.png | /home/agent/projects/cezar/.ai/cezar/worktrees/9ae05dcc-cc09-405c-9934-ab364076aa21/.ai/design-reference/iteration-3/runtime-verified/pairs/Oo1J1-plan-browser.png
pf8QM,23A. New task · Starters and follow-ups · Dark,session 06,/p/default/new,page,False,historical baseline; final owning-worker integrated state verification required,/home/agent/projects/cezar/.ai/cezar/worktrees/9ae05dcc-cc09-405c-9934-ab364076aa21/.ai/design-reference/iteration-3/design/pf8QM.png | /home/agent/projects/cezar/.ai/cezar/worktrees/9ae05dcc-cc09-405c-9934-ab364076aa21/.ai/design-reference/iteration-3/runtime-verified/pairs/pf8QM-browser.png
OREDs,24A. Shared navigation · Optional tools and project entry · Dark,tools e2fa,/tools,page,True,refreshed owned Tools pair; integrated acceptance pending,/home/agent/projects/cezar/.ai/cezar/worktrees/9ae05dcc-cc09-405c-9934-ab364076aa21/.ai/design-reference/iteration-3/design/OREDs.png | /home/agent/projects/cezar/.ai/cezar/worktrees/9ae05dcc-cc09-405c-9934-ab364076aa21/.ai/design-reference/iteration-3/tools-final-shell/tools-matched-dark.png
ofMmL,25A. Project tasks · Full resource table and column menu · Dark,tasks 445,/p/default/,page,False,historical baseline; final owning-worker integrated state verification required,/home/agent/projects/cezar/.ai/cezar/worktrees/9ae05dcc-cc09-405c-9934-ab364076aa21/.ai/design-reference/iteration-3/design/ofMmL.png | /home/agent/projects/cezar/.ai/cezar/worktrees/9ae05dcc-cc09-405c-9934-ab364076aa21/.ai/design-reference/iteration-3/runtime-verified/pairs/ofMmL-state-browser.png
UzdJ2,"26A. All tasks · Grouping, tags and run actions · Dark",tasks 445,/tasks,page,False,historical baseline; final owning-worker integrated state verification required,/home/agent/projects/cezar/.ai/cezar/worktrees/9ae05dcc-cc09-405c-9934-ab364076aa21/.ai/design-reference/iteration-3/design/UzdJ2.png | /home/agent/projects/cezar/.ai/cezar/worktrees/9ae05dcc-cc09-405c-9934-ab364076aa21/.ai/design-reference/iteration-3/runtime-verified/pairs/UzdJ2-populated-browser.png
HBMSk,"27A. GitHub · PR conversation, filters and readiness · Dark",git 565,/p/default/github/prs/218,page,False,historical baseline; final owning-worker integrated state verification required,/home/agent/projects/cezar/.ai/cezar/worktrees/9ae05dcc-cc09-405c-9934-ab364076aa21/.ai/design-reference/iteration-3/design/HBMSk.png | /home/agent/projects/cezar/.ai/cezar/worktrees/9ae05dcc-cc09-405c-9934-ab364076aa21/.ai/design-reference/iteration-3/runtime-verified/pairs/HBMSk-detail-browser.png
ef75D,28A. Task actions · Menu and handoff reader · Dark,tasks 445,/p/default/tasks/10000000-0000-4000-8000-000000000000,page,False,historical baseline; final owning-worker integrated state verification required,/home/agent/projects/cezar/.ai/cezar/worktrees/9ae05dcc-cc09-405c-9934-ab364076aa21/.ai/design-reference/iteration-3/design/ef75D.png | /home/agent/projects/cezar/.ai/cezar/worktrees/9ae05dcc-cc09-405c-9934-ab364076aa21/.ai/design-reference/iteration-3/runtime-verified/pairs/ef75D-state-browser.png
c6ANji,"29A. Confirmation dialogs · Tasks, variants and plans · Dark",tasks 445,,specimen states,False,historical baseline; final owning-worker integrated state verification required,/home/agent/projects/cezar/.ai/cezar/worktrees/9ae05dcc-cc09-405c-9934-ab364076aa21/.ai/design-reference/iteration-3/design/c6ANji.png | /home/agent/projects/cezar/.ai/cezar/worktrees/9ae05dcc-cc09-405c-9934-ab364076aa21/.ai/design-reference/iteration-3/runtime-verified/pairs/confirm-delete-task-dark.png | /home/agent/projects/cezar/.ai/cezar/worktrees/9ae05dcc-cc09-405c-9934-ab364076aa21/.ai/design-reference/iteration-3/runtime-verified/pairs/confirm-pick-variant-dark.png | /home/agent/projects/cezar/.ai/cezar/worktrees/9ae05dcc-cc09-405c-9934-ab364076aa21/.ai/design-reference/iteration-3/runtime-verified/pairs/confirm-plan-overwrite-dark.png
Z3tJLp,"27B. GitHub PR · Changes, blocked merge and confirmation · Dark",git 565,/p/default/github/prs/218,page,False,historical baseline; final owning-worker integrated state verification required,/home/agent/projects/cezar/.ai/cezar/worktrees/9ae05dcc-cc09-405c-9934-ab364076aa21/.ai/design-reference/iteration-3/design/Z3tJLp.png | /home/agent/projects/cezar/.ai/cezar/worktrees/9ae05dcc-cc09-405c-9934-ab364076aa21/.ai/design-reference/iteration-3/runtime-verified/pairs/Z3tJLp-detail-browser.png
cQJod,S02. Project settings / Agents · Desktop dark,settings ba089 — Settings only,/p/default/settings/agents,page,False,historical baseline; final owning-worker integrated state verification required,/home/agent/projects/cezar/.ai/cezar/worktrees/9ae05dcc-cc09-405c-9934-ab364076aa21/.ai/design-reference/iteration-3/design/cQJod.png | /home/agent/projects/cezar/.ai/cezar/worktrees/9ae05dcc-cc09-405c-9934-ab364076aa21/.ai/design-reference/iteration-3/runtime-verified/pairs/cQJod-browser.png
v9iCdT,S03. Project settings / Agent config · Desktop dark,settings ba089 — Settings only,/p/default/settings/agent-config,page,False,historical baseline; final owning-worker integrated state verification required,/home/agent/projects/cezar/.ai/cezar/worktrees/9ae05dcc-cc09-405c-9934-ab364076aa21/.ai/design-reference/iteration-3/design/v9iCdT.png | /home/agent/projects/cezar/.ai/cezar/worktrees/9ae05dcc-cc09-405c-9934-ab364076aa21/.ai/design-reference/iteration-3/runtime-verified/pairs/v9iCdT-browser.png
u8PPZ3,S04. Project settings / Worktrees · Desktop dark,settings ba089 — Settings only,/p/default/settings/worktrees,page,False,historical baseline; final owning-worker integrated state verification required,/home/agent/projects/cezar/.ai/cezar/worktrees/9ae05dcc-cc09-405c-9934-ab364076aa21/.ai/design-reference/iteration-3/design/u8PPZ3.png | /home/agent/projects/cezar/.ai/cezar/worktrees/9ae05dcc-cc09-405c-9934-ab364076aa21/.ai/design-reference/iteration-3/runtime-verified/pairs/u8PPZ3-browser.png
v5h5dm,S06. Project settings / Prompt templates · Desktop dark,settings ba089 — Settings only,/p/default/settings/prompt-templates,page,False,historical baseline; final owning-worker integrated state verification required,/home/agent/projects/cezar/.ai/cezar/worktrees/9ae05dcc-cc09-405c-9934-ab364076aa21/.ai/design-reference/iteration-3/design/v5h5dm.png | /home/agent/projects/cezar/.ai/cezar/worktrees/9ae05dcc-cc09-405c-9934-ab364076aa21/.ai/design-reference/iteration-3/runtime-verified/pairs/v5h5dm-browser.png
c96HBw,S09. Global settings / Notifications · Desktop dark,settings ba089 — Settings only,/settings/global/notifications,page,False,historical baseline; final owning-worker integrated state verification required,/home/agent/projects/cezar/.ai/cezar/worktrees/9ae05dcc-cc09-405c-9934-ab364076aa21/.ai/design-reference/iteration-3/design/c96HBw.png | /home/agent/projects/cezar/.ai/cezar/worktrees/9ae05dcc-cc09-405c-9934-ab364076aa21/.ai/design-reference/iteration-3/runtime-verified/pairs/c96HBw-browser.png
iBtG5,S10. Global settings / Resources · Desktop dark,settings ba089 — Settings only,/settings/global/resources,page,False,historical baseline; final owning-worker integrated state verification required,/home/agent/projects/cezar/.ai/cezar/worktrees/9ae05dcc-cc09-405c-9934-ab364076aa21/.ai/design-reference/iteration-3/design/iBtG5.png | /home/agent/projects/cezar/.ai/cezar/worktrees/9ae05dcc-cc09-405c-9934-ab364076aa21/.ai/design-reference/iteration-3/runtime-verified/pairs/iBtG5-browser.png
tWnpG,S11. Global settings / Skills · Desktop dark,settings ba089 — Settings only,/settings/global/skills,page,False,historical baseline; final owning-worker integrated state verification required,/home/agent/projects/cezar/.ai/cezar/worktrees/9ae05dcc-cc09-405c-9934-ab364076aa21/.ai/design-reference/iteration-3/design/tWnpG.png | /home/agent/projects/cezar/.ai/cezar/worktrees/9ae05dcc-cc09-405c-9934-ab364076aa21/.ai/design-reference/iteration-3/runtime-verified/pairs/tWnpG-browser.png
XvWFg,S12. Global settings / Agent accounts · Desktop dark,settings ba089 — Settings only,/settings/global/accounts,page,False,historical baseline; final owning-worker integrated state verification required,/home/agent/projects/cezar/.ai/cezar/worktrees/9ae05dcc-cc09-405c-9934-ab364076aa21/.ai/design-reference/iteration-3/design/XvWFg.png | /home/agent/projects/cezar/.ai/cezar/worktrees/9ae05dcc-cc09-405c-9934-ab364076aa21/.ai/design-reference/iteration-3/runtime-verified/pairs/XvWFg-browser.png
pHBjV,S13. Global settings / Projects · Desktop dark,settings ba089 — Settings only,/settings/global/projects,page,False,historical baseline; final owning-worker integrated state verification required,/home/agent/projects/cezar/.ai/cezar/worktrees/9ae05dcc-cc09-405c-9934-ab364076aa21/.ai/design-reference/iteration-3/design/pHBjV.png | /home/agent/projects/cezar/.ai/cezar/worktrees/9ae05dcc-cc09-405c-9934-ab364076aa21/.ai/design-reference/iteration-3/runtime-verified/pairs/pHBjV-browser.png
KwkJs,"32A. Workflow editing · Import, Add step and Delete · Dark",Skills/Workflows — new worker queued,,page,False,historical baseline; final owning-worker integrated state verification required,/home/agent/projects/cezar/.ai/cezar/worktrees/9ae05dcc-cc09-405c-9934-ab364076aa21/.ai/design-reference/iteration-3/design/KwkJs.png | /home/agent/projects/cezar/.ai/cezar/worktrees/9ae05dcc-cc09-405c-9934-ab364076aa21/.ai/design-reference/iteration-3/runtime-verified/pairs/KwkJs-state-browser.png
NQePM,"33A. Optional features · Disabled, empty and waiting states · Dark",tasks 445,,specimen states,False,historical baseline; final owning-worker integrated state verification required,/home/agent/projects/cezar/.ai/cezar/worktrees/9ae05dcc-cc09-405c-9934-ab364076aa21/.ai/design-reference/iteration-3/design/NQePM.png | /home/agent/projects/cezar/.ai/cezar/worktrees/9ae05dcc-cc09-405c-9934-ab364076aa21/.ai/design-reference/iteration-3/runtime-verified/pairs/automations-disabled-dark.png | /home/agent/projects/cezar/.ai/cezar/worktrees/9ae05dcc-cc09-405c-9934-ab364076aa21/.ai/design-reference/iteration-3/runtime-verified/pairs/automations-empty-dark.png | /home/agent/projects/cezar/.ai/cezar/worktrees/9ae05dcc-cc09-405c-9934-ab364076aa21/.ai/design-reference/iteration-3/runtime-verified/pairs/inbox-disabled-dark.png | /home/agent/projects/cezar/.ai/cezar/worktrees/9ae05dcc-cc09-405c-9934-ab364076aa21/.ai/design-reference/iteration-3/runtime-verified/pairs/inbox-empty-dark.png | /home/agent/projects/cezar/.ai/cezar/worktrees/9ae05dcc-cc09-405c-9934-ab364076aa21/.ai/design-reference/iteration-3/runtime-verified/pairs/variants-error-dark.png | /home/agent/projects/cezar/.ai/cezar/worktrees/9ae05dcc-cc09-405c-9934-ab364076aa21/.ai/design-reference/iteration-3/runtime-verified/pairs/variants-waiting-dark.png
ITZ94,19A. Inbox · Mobile dark,tasks 445,/p/default/inbox,page,False,historical baseline; final owning-worker integrated state verification required,/home/agent/projects/cezar/.ai/cezar/worktrees/9ae05dcc-cc09-405c-9934-ab364076aa21/.ai/design-reference/iteration-3/design/ITZ94.png | /home/agent/projects/cezar/.ai/cezar/worktrees/9ae05dcc-cc09-405c-9934-ab364076aa21/.ai/design-reference/iteration-3/runtime-verified/pairs/ITZ94-browser.png
Itxee,20B. Automation editor · Mobile dark,tasks 445,/p/default/automations/fixture-auto,page,False,historical baseline; final owning-worker integrated state verification required,/home/agent/projects/cezar/.ai/cezar/worktrees/9ae05dcc-cc09-405c-9934-ab364076aa21/.ai/design-reference/iteration-3/design/Itxee.png | /home/agent/projects/cezar/.ai/cezar/worktrees/9ae05dcc-cc09-405c-9934-ab364076aa21/.ai/design-reference/iteration-3/runtime-verified/pairs/Itxee-browser.png
iQvMt,21A. Compare variants · Mobile dark,tasks 445,/p/default/compare/fixture-group,page,False,historical baseline; final owning-worker integrated state verification required,/home/agent/projects/cezar/.ai/cezar/worktrees/9ae05dcc-cc09-405c-9934-ab364076aa21/.ai/design-reference/iteration-3/design/iQvMt.png | /home/agent/projects/cezar/.ai/cezar/worktrees/9ae05dcc-cc09-405c-9934-ab364076aa21/.ai/design-reference/iteration-3/runtime-verified/pairs/iQvMt-browser.png
PFLKh,22A. Plan review · Mobile dark,session 06,/p/default/tasks/10000000-0000-4000-8000-000000000000,page,False,historical baseline; final owning-worker integrated state verification required,/home/agent/projects/cezar/.ai/cezar/worktrees/9ae05dcc-cc09-405c-9934-ab364076aa21/.ai/design-reference/iteration-3/design/PFLKh.png | /home/agent/projects/cezar/.ai/cezar/worktrees/9ae05dcc-cc09-405c-9934-ab364076aa21/.ai/design-reference/iteration-3/runtime-verified/pairs/PFLKh-plan-browser.png
myX8Q,28A. Task actions · Mobile dark,tasks 445,/p/default/tasks/10000000-0000-4000-8000-000000000000,page,False,historical baseline; final owning-worker integrated state verification required,/home/agent/projects/cezar/.ai/cezar/worktrees/9ae05dcc-cc09-405c-9934-ab364076aa21/.ai/design-reference/iteration-3/design/myX8Q.png | /home/agent/projects/cezar/.ai/cezar/worktrees/9ae05dcc-cc09-405c-9934-ab364076aa21/.ai/design-reference/iteration-3/runtime-verified/pairs/myX8Q-state-browser.png
MnEgv,27B. PR changes and merge · Mobile dark,git 565,/p/default/github/prs/218,page,False,historical baseline; final owning-worker integrated state verification required,/home/agent/projects/cezar/.ai/cezar/worktrees/9ae05dcc-cc09-405c-9934-ab364076aa21/.ai/design-reference/iteration-3/design/MnEgv.png | /home/agent/projects/cezar/.ai/cezar/worktrees/9ae05dcc-cc09-405c-9934-ab364076aa21/.ai/design-reference/iteration-3/runtime-verified/pairs/MnEgv-detail-browser.png
jCdnx,S10. Global settings / Resources · Mobile dark,settings ba089 — Settings only,/settings/global/resources,page,False,historical baseline; final owning-worker integrated state verification required,/home/agent/projects/cezar/.ai/cezar/worktrees/9ae05dcc-cc09-405c-9934-ab364076aa21/.ai/design-reference/iteration-3/design/jCdnx.png | /home/agent/projects/cezar/.ai/cezar/worktrees/9ae05dcc-cc09-405c-9934-ab364076aa21/.ai/design-reference/iteration-3/runtime-verified/pairs/jCdnx-browser.png
MF4eF,32A. Import workflow · Mobile dark,Skills/Workflows — new worker queued,,page,False,historical baseline; final owning-worker integrated state verification required,/home/agent/projects/cezar/.ai/cezar/worktrees/9ae05dcc-cc09-405c-9934-ab364076aa21/.ai/design-reference/iteration-3/design/MF4eF.png | /home/agent/projects/cezar/.ai/cezar/worktrees/9ae05dcc-cc09-405c-9934-ab364076aa21/.ai/design-reference/iteration-3/runtime-verified/pairs/MF4eF-state-browser.png
R2OII2,25B. Project tasks · Mobile floating New task · Dark,tasks 445,/p/default/,page,False,historical baseline; final owning-worker integrated state verification required,/home/agent/projects/cezar/.ai/cezar/worktrees/9ae05dcc-cc09-405c-9934-ab364076aa21/.ai/design-reference/iteration-3/design/R2OII2.png | /home/agent/projects/cezar/.ai/cezar/worktrees/9ae05dcc-cc09-405c-9934-ab364076aa21/.ai/design-reference/iteration-3/runtime-verified/pairs/R2OII2-detail-browser.png
mxZSz,00. Design reference · Current UI and behavior,session 06,,reference board,False,historical baseline; final owning-worker integrated state verification required,/home/agent/projects/cezar/.ai/cezar/worktrees/9ae05dcc-cc09-405c-9934-ab364076aa21/.ai/design-reference/iteration-3/design/mxZSz.png
kDsvU,"27C. GitHub PR · Checks passing, requirements unknown",git 565,/p/default/github/prs/218,page,False,historical baseline; final owning-worker integrated state verification required,/home/agent/projects/cezar/.ai/cezar/worktrees/9ae05dcc-cc09-405c-9934-ab364076aa21/.ai/design-reference/iteration-3/design/kDsvU.png | /home/agent/projects/cezar/.ai/cezar/worktrees/9ae05dcc-cc09-405c-9934-ab364076aa21/.ai/design-reference/iteration-3/runtime-verified/pairs/kDsvU-detail-browser.png
zze3r,27C. GitHub PR · Requirements unknown · Desktop dark,git 565,/p/default/github/prs/218,page,False,historical baseline; final owning-worker integrated state verification required,/home/agent/projects/cezar/.ai/cezar/worktrees/9ae05dcc-cc09-405c-9934-ab364076aa21/.ai/design-reference/iteration-3/design/zze3r.png | /home/agent/projects/cezar/.ai/cezar/worktrees/9ae05dcc-cc09-405c-9934-ab364076aa21/.ai/design-reference/iteration-3/runtime-verified/pairs/zze3r-detail-browser.png
Pf2JI,27C. GitHub PR · Requirements unknown · Mobile light,git 565,/p/default/github/prs/218,page,False,historical baseline; final owning-worker integrated state verification required,/home/agent/projects/cezar/.ai/cezar/worktrees/9ae05dcc-cc09-405c-9934-ab364076aa21/.ai/design-reference/iteration-3/design/Pf2JI.png | /home/agent/projects/cezar/.ai/cezar/worktrees/9ae05dcc-cc09-405c-9934-ab364076aa21/.ai/design-reference/iteration-3/runtime-verified/pairs/Pf2JI-detail-browser.png
mC4Fw,27C. GitHub PR · Requirements unknown · Mobile dark,git 565,/p/default/github/prs/218,page,False,historical baseline; final owning-worker integrated state verification required,/home/agent/projects/cezar/.ai/cezar/worktrees/9ae05dcc-cc09-405c-9934-ab364076aa21/.ai/design-reference/iteration-3/design/mC4Fw.png | /home/agent/projects/cezar/.ai/cezar/worktrees/9ae05dcc-cc09-405c-9934-ab364076aa21/.ai/design-reference/iteration-3/runtime-verified/pairs/mC4Fw-detail-browser.png
h8VpfA,S05. Project settings / Bookmarklets · Desktop light,settings ba089 — Settings only,/p/default/settings/bookmarklets,page,False,historical baseline; final owning-worker integrated state verification required,/home/agent/projects/cezar/.ai/cezar/worktrees/9ae05dcc-cc09-405c-9934-ab364076aa21/.ai/design-reference/iteration-3/design/h8VpfA.png | /home/agent/projects/cezar/.ai/cezar/worktrees/9ae05dcc-cc09-405c-9934-ab364076aa21/.ai/design-reference/iteration-3/runtime-verified/pairs/h8VpfA-browser.png
f03Qc,S08. Global settings / Appearance · Desktop light,settings ba089 — Settings only,/settings/global/appearance,page,False,historical baseline; final owning-worker integrated state verification required,/home/agent/projects/cezar/.ai/cezar/worktrees/9ae05dcc-cc09-405c-9934-ab364076aa21/.ai/design-reference/iteration-3/design/f03Qc.png | /home/agent/projects/cezar/.ai/cezar/worktrees/9ae05dcc-cc09-405c-9934-ab364076aa21/.ai/design-reference/iteration-3/runtime-verified/pairs/f03Qc-browser.png
JWelK,S02. Project settings / Agents · Mobile light,settings ba089 — Settings only,/p/default/settings/agents,page,False,historical baseline; final owning-worker integrated state verification required,/home/agent/projects/cezar/.ai/cezar/worktrees/9ae05dcc-cc09-405c-9934-ab364076aa21/.ai/design-reference/iteration-3/design/JWelK.png | /home/agent/projects/cezar/.ai/cezar/worktrees/9ae05dcc-cc09-405c-9934-ab364076aa21/.ai/design-reference/iteration-3/runtime-verified/pairs/JWelK-browser.png
f7OdkB,S03. Project settings / Agent config · Mobile light,settings ba089 — Settings only,/p/default/settings/agent-config,page,False,historical baseline; final owning-worker integrated state verification required,/home/agent/projects/cezar/.ai/cezar/worktrees/9ae05dcc-cc09-405c-9934-ab364076aa21/.ai/design-reference/iteration-3/design/f7OdkB.png | /home/agent/projects/cezar/.ai/cezar/worktrees/9ae05dcc-cc09-405c-9934-ab364076aa21/.ai/design-reference/iteration-3/runtime-verified/pairs/f7OdkB-browser.png
M6nNaF,S04. Project settings / Worktrees · Mobile light,settings ba089 — Settings only,/p/default/settings/worktrees,page,False,historical baseline; final owning-worker integrated state verification required,/home/agent/projects/cezar/.ai/cezar/worktrees/9ae05dcc-cc09-405c-9934-ab364076aa21/.ai/design-reference/iteration-3/design/M6nNaF.png | /home/agent/projects/cezar/.ai/cezar/worktrees/9ae05dcc-cc09-405c-9934-ab364076aa21/.ai/design-reference/iteration-3/runtime-verified/pairs/M6nNaF-browser.png
mQkaN,S06. Project settings / Prompt templates · Mobile light,settings ba089 — Settings only,/p/default/settings/prompt-templates,page,False,historical baseline; final owning-worker integrated state verification required,/home/agent/projects/cezar/.ai/cezar/worktrees/9ae05dcc-cc09-405c-9934-ab364076aa21/.ai/design-reference/iteration-3/design/mQkaN.png | /home/agent/projects/cezar/.ai/cezar/worktrees/9ae05dcc-cc09-405c-9934-ab364076aa21/.ai/design-reference/iteration-3/runtime-verified/pairs/mQkaN-browser.png
h7wNTk,S09. Global settings / Notifications · Mobile light,settings ba089 — Settings only,/settings/global/notifications,page,False,historical baseline; final owning-worker integrated state verification required,/home/agent/projects/cezar/.ai/cezar/worktrees/9ae05dcc-cc09-405c-9934-ab364076aa21/.ai/design-reference/iteration-3/design/h7wNTk.png | /home/agent/projects/cezar/.ai/cezar/worktrees/9ae05dcc-cc09-405c-9934-ab364076aa21/.ai/design-reference/iteration-3/runtime-verified/pairs/h7wNTk-browser.png
aYBO5,S11. Global settings / Skills · Mobile light,settings ba089 — Settings only,/settings/global/skills,page,False,historical baseline; final owning-worker integrated state verification required,/home/agent/projects/cezar/.ai/cezar/worktrees/9ae05dcc-cc09-405c-9934-ab364076aa21/.ai/design-reference/iteration-3/design/aYBO5.png | /home/agent/projects/cezar/.ai/cezar/worktrees/9ae05dcc-cc09-405c-9934-ab364076aa21/.ai/design-reference/iteration-3/runtime-verified/pairs/aYBO5-browser.png
giEbe,S12. Global settings / Agent accounts · Mobile light,settings ba089 — Settings only,/settings/global/accounts,page,False,historical baseline; final owning-worker integrated state verification required,/home/agent/projects/cezar/.ai/cezar/worktrees/9ae05dcc-cc09-405c-9934-ab364076aa21/.ai/design-reference/iteration-3/design/giEbe.png | /home/agent/projects/cezar/.ai/cezar/worktrees/9ae05dcc-cc09-405c-9934-ab364076aa21/.ai/design-reference/iteration-3/runtime-verified/pairs/giEbe-browser.png
UylPc,S13. Global settings / Projects · Mobile light,settings ba089 — Settings only,/settings/global/projects,page,False,historical baseline; final owning-worker integrated state verification required,/home/agent/projects/cezar/.ai/cezar/worktrees/9ae05dcc-cc09-405c-9934-ab364076aa21/.ai/design-reference/iteration-3/design/UylPc.png | /home/agent/projects/cezar/.ai/cezar/worktrees/9ae05dcc-cc09-405c-9934-ab364076aa21/.ai/design-reference/iteration-3/runtime-verified/pairs/UylPc-browser.png
Z58Tuz,S05. Project settings / Bookmarklets · Mobile light,settings ba089 — Settings only,/p/default/settings/bookmarklets,page,False,historical baseline; final owning-worker integrated state verification required,/home/agent/projects/cezar/.ai/cezar/worktrees/9ae05dcc-cc09-405c-9934-ab364076aa21/.ai/design-reference/iteration-3/design/Z58Tuz.png | /home/agent/projects/cezar/.ai/cezar/worktrees/9ae05dcc-cc09-405c-9934-ab364076aa21/.ai/design-reference/iteration-3/runtime-verified/pairs/Z58Tuz-browser.png
P416t,S08. Global settings / Appearance · Mobile light,settings ba089 — Settings only,/settings/global/appearance,page,False,historical baseline; final owning-worker integrated state verification required,/home/agent/projects/cezar/.ai/cezar/worktrees/9ae05dcc-cc09-405c-9934-ab364076aa21/.ai/design-reference/iteration-3/design/P416t.png | /home/agent/projects/cezar/.ai/cezar/worktrees/9ae05dcc-cc09-405c-9934-ab364076aa21/.ai/design-reference/iteration-3/runtime-verified/pairs/P416t-browser.png
U6TLR,S02. Project settings / Agents · Mobile dark,settings ba089 — Settings only,/p/default/settings/agents,page,False,historical baseline; final owning-worker integrated state verification required,/home/agent/projects/cezar/.ai/cezar/worktrees/9ae05dcc-cc09-405c-9934-ab364076aa21/.ai/design-reference/iteration-3/design/U6TLR.png | /home/agent/projects/cezar/.ai/cezar/worktrees/9ae05dcc-cc09-405c-9934-ab364076aa21/.ai/design-reference/iteration-3/runtime-verified/pairs/U6TLR-browser.png
Sizxn,S03. Project settings / Agent config · Mobile dark,settings ba089 — Settings only,/p/default/settings/agent-config,page,False,historical baseline; final owning-worker integrated state verification required,/home/agent/projects/cezar/.ai/cezar/worktrees/9ae05dcc-cc09-405c-9934-ab364076aa21/.ai/design-reference/iteration-3/design/Sizxn.png | /home/agent/projects/cezar/.ai/cezar/worktrees/9ae05dcc-cc09-405c-9934-ab364076aa21/.ai/design-reference/iteration-3/runtime-verified/pairs/Sizxn-browser.png
nMfbp,S04. Project settings / Worktrees · Mobile dark,settings ba089 — Settings only,/p/default/settings/worktrees,page,False,historical baseline; final owning-worker integrated state verification required,/home/agent/projects/cezar/.ai/cezar/worktrees/9ae05dcc-cc09-405c-9934-ab364076aa21/.ai/design-reference/iteration-3/design/nMfbp.png | /home/agent/projects/cezar/.ai/cezar/worktrees/9ae05dcc-cc09-405c-9934-ab364076aa21/.ai/design-reference/iteration-3/runtime-verified/pairs/nMfbp-browser.png
U8r6vF,S06. Project settings / Prompt templates · Mobile dark,settings ba089 — Settings only,/p/default/settings/prompt-templates,page,False,historical baseline; final owning-worker integrated state verification required,/home/agent/projects/cezar/.ai/cezar/worktrees/9ae05dcc-cc09-405c-9934-ab364076aa21/.ai/design-reference/iteration-3/design/U8r6vF.png | /home/agent/projects/cezar/.ai/cezar/worktrees/9ae05dcc-cc09-405c-9934-ab364076aa21/.ai/design-reference/iteration-3/runtime-verified/pairs/U8r6vF-browser.png
ZavY5,S09. Global settings / Notifications · Mobile dark,settings ba089 — Settings only,/settings/global/notifications,page,False,historical baseline; final owning-worker integrated state verification required,/home/agent/projects/cezar/.ai/cezar/worktrees/9ae05dcc-cc09-405c-9934-ab364076aa21/.ai/design-reference/iteration-3/design/ZavY5.png | /home/agent/projects/cezar/.ai/cezar/worktrees/9ae05dcc-cc09-405c-9934-ab364076aa21/.ai/design-reference/iteration-3/runtime-verified/pairs/ZavY5-browser.png
kyWF8,S11. Global settings / Skills · Mobile dark,settings ba089 — Settings only,/settings/global/skills,page,False,historical baseline; final owning-worker integrated state verification required,/home/agent/projects/cezar/.ai/cezar/worktrees/9ae05dcc-cc09-405c-9934-ab364076aa21/.ai/design-reference/iteration-3/design/kyWF8.png | /home/agent/projects/cezar/.ai/cezar/worktrees/9ae05dcc-cc09-405c-9934-ab364076aa21/.ai/design-reference/iteration-3/runtime-verified/pairs/kyWF8-browser.png
XalAH,S12. Global settings / Agent accounts · Mobile dark,settings ba089 — Settings only,/settings/global/accounts,page,False,historical baseline; final owning-worker integrated state verification required,/home/agent/projects/cezar/.ai/cezar/worktrees/9ae05dcc-cc09-405c-9934-ab364076aa21/.ai/design-reference/iteration-3/design/XalAH.png | /home/agent/projects/cezar/.ai/cezar/worktrees/9ae05dcc-cc09-405c-9934-ab364076aa21/.ai/design-reference/iteration-3/runtime-verified/pairs/XalAH-browser.png
iWYPL,S13. Global settings / Projects · Mobile dark,settings ba089 — Settings only,/settings/global/projects,page,False,historical baseline; final owning-worker integrated state verification required,/home/agent/projects/cezar/.ai/cezar/worktrees/9ae05dcc-cc09-405c-9934-ab364076aa21/.ai/design-reference/iteration-3/design/iWYPL.png | /home/agent/projects/cezar/.ai/cezar/worktrees/9ae05dcc-cc09-405c-9934-ab364076aa21/.ai/design-reference/iteration-3/runtime-verified/pairs/iWYPL-browser.png
wC1Sd,S05. Project settings / Bookmarklets · Desktop dark,settings ba089 — Settings only,/p/default/settings/bookmarklets,page,False,historical baseline; final owning-worker integrated state verification required,/home/agent/projects/cezar/.ai/cezar/worktrees/9ae05dcc-cc09-405c-9934-ab364076aa21/.ai/design-reference/iteration-3/design/wC1Sd.png | /home/agent/projects/cezar/.ai/cezar/worktrees/9ae05dcc-cc09-405c-9934-ab364076aa21/.ai/design-reference/iteration-3/runtime-verified/pairs/wC1Sd-browser.png
eWOxf,S05. Project settings / Bookmarklets · Mobile dark,settings ba089 — Settings only,/p/default/settings/bookmarklets,page,False,historical baseline; final owning-worker integrated state verification required,/home/agent/projects/cezar/.ai/cezar/worktrees/9ae05dcc-cc09-405c-9934-ab364076aa21/.ai/design-reference/iteration-3/design/eWOxf.png | /home/agent/projects/cezar/.ai/cezar/worktrees/9ae05dcc-cc09-405c-9934-ab364076aa21/.ai/design-reference/iteration-3/runtime-verified/pairs/eWOxf-browser.png
n27mE,S08. Global settings / Appearance · Desktop dark,settings ba089 — Settings only,/settings/global/appearance,page,False,historical baseline; final owning-worker integrated state verification required,/home/agent/projects/cezar/.ai/cezar/worktrees/9ae05dcc-cc09-405c-9934-ab364076aa21/.ai/design-reference/iteration-3/design/n27mE.png | /home/agent/projects/cezar/.ai/cezar/worktrees/9ae05dcc-cc09-405c-9934-ab364076aa21/.ai/design-reference/iteration-3/runtime-verified/pairs/n27mE-browser.png
iI7Fo,S08. Global settings / Appearance · Mobile dark,settings ba089 — Settings only,/settings/global/appearance,page,False,historical baseline; final owning-worker integrated state verification required,/home/agent/projects/cezar/.ai/cezar/worktrees/9ae05dcc-cc09-405c-9934-ab364076aa21/.ai/design-reference/iteration-3/design/iI7Fo.png | /home/agent/projects/cezar/.ai/cezar/worktrees/9ae05dcc-cc09-405c-9934-ab364076aa21/.ai/design-reference/iteration-3/runtime-verified/pairs/iI7Fo-browser.png
t5OS8c,R1. Sidebar minimum / default · 264px · Desktop light,shared a4395cbb — full shell and exact shared icon adapter — sidebar width and status primitives,,page,False,historical baseline; final owning-worker integrated state verification required,/home/agent/projects/cezar/.ai/cezar/worktrees/9ae05dcc-cc09-405c-9934-ab364076aa21/.ai/design-reference/iteration-3/design/t5OS8c.png | /home/agent/projects/cezar/.ai/cezar/worktrees/9ae05dcc-cc09-405c-9934-ab364076aa21/.ai/design-reference/iteration-3/runtime-verified/pairs/t5OS8c-resize-browser.png
wDyFh,R1. Sidebar minimum / default · 264px · Desktop dark,shared a4395cbb — full shell and exact shared icon adapter — sidebar width and status primitives,,page,False,historical baseline; final owning-worker integrated state verification required,/home/agent/projects/cezar/.ai/cezar/worktrees/9ae05dcc-cc09-405c-9934-ab364076aa21/.ai/design-reference/iteration-3/design/wDyFh.png | /home/agent/projects/cezar/.ai/cezar/worktrees/9ae05dcc-cc09-405c-9934-ab364076aa21/.ai/design-reference/iteration-3/runtime-verified/pairs/wDyFh-resize-browser.png
IbsZT,R1. Sidebar maximum · 420px · Desktop light,shared a4395cbb — full shell and exact shared icon adapter — sidebar width and status primitives,,page,False,historical baseline; final owning-worker integrated state verification required,/home/agent/projects/cezar/.ai/cezar/worktrees/9ae05dcc-cc09-405c-9934-ab364076aa21/.ai/design-reference/iteration-3/design/IbsZT.png | /home/agent/projects/cezar/.ai/cezar/worktrees/9ae05dcc-cc09-405c-9934-ab364076aa21/.ai/design-reference/iteration-3/runtime-verified/pairs/IbsZT-resize-browser.png
IFqhi,R1. Sidebar maximum · 420px · Desktop dark,shared a4395cbb — full shell and exact shared icon adapter — sidebar width and status primitives,,page,False,historical baseline; final owning-worker integrated state verification required,/home/agent/projects/cezar/.ai/cezar/worktrees/9ae05dcc-cc09-405c-9934-ab364076aa21/.ai/design-reference/iteration-3/design/IFqhi.png | /home/agent/projects/cezar/.ai/cezar/worktrees/9ae05dcc-cc09-405c-9934-ab364076aa21/.ai/design-reference/iteration-3/runtime-verified/pairs/IFqhi-resize-browser.png
pg6Nc,R2. GitHub list minimum · 280px · Desktop light,Git 565 — GitHub list width,,page,False,historical baseline; final owning-worker integrated state verification required,/home/agent/projects/cezar/.ai/cezar/worktrees/9ae05dcc-cc09-405c-9934-ab364076aa21/.ai/design-reference/iteration-3/design/pg6Nc.png | /home/agent/projects/cezar/.ai/cezar/worktrees/9ae05dcc-cc09-405c-9934-ab364076aa21/.ai/design-reference/iteration-3/runtime-verified/pairs/pg6Nc-resize-browser.png
ZhYVg,R2. GitHub list minimum · 280px · Desktop dark,Git 565 — GitHub list width,,page,False,historical baseline; final owning-worker integrated state verification required,/home/agent/projects/cezar/.ai/cezar/worktrees/9ae05dcc-cc09-405c-9934-ab364076aa21/.ai/design-reference/iteration-3/design/ZhYVg.png | /home/agent/projects/cezar/.ai/cezar/worktrees/9ae05dcc-cc09-405c-9934-ab364076aa21/.ai/design-reference/iteration-3/runtime-verified/pairs/ZhYVg-resize-browser.png
Gg8yJ,R2. GitHub list default · 360px · Desktop light,Git 565 — GitHub list width,,page,False,historical baseline; final owning-worker integrated state verification required,/home/agent/projects/cezar/.ai/cezar/worktrees/9ae05dcc-cc09-405c-9934-ab364076aa21/.ai/design-reference/iteration-3/design/Gg8yJ.png | /home/agent/projects/cezar/.ai/cezar/worktrees/9ae05dcc-cc09-405c-9934-ab364076aa21/.ai/design-reference/iteration-3/runtime-verified/pairs/Gg8yJ-resize-browser.png
gW5PQ,R2. GitHub list default · 360px · Desktop dark,Git 565 — GitHub list width,,page,False,historical baseline; final owning-worker integrated state verification required,/home/agent/projects/cezar/.ai/cezar/worktrees/9ae05dcc-cc09-405c-9934-ab364076aa21/.ai/design-reference/iteration-3/design/gW5PQ.png | /home/agent/projects/cezar/.ai/cezar/worktrees/9ae05dcc-cc09-405c-9934-ab364076aa21/.ai/design-reference/iteration-3/runtime-verified/pairs/gW5PQ-resize-browser.png
CEQfL,R2. GitHub list maximum · 520px · Desktop light,Git 565 — GitHub list width,,page,False,historical baseline; final owning-worker integrated state verification required,/home/agent/projects/cezar/.ai/cezar/worktrees/9ae05dcc-cc09-405c-9934-ab364076aa21/.ai/design-reference/iteration-3/design/CEQfL.png | /home/agent/projects/cezar/.ai/cezar/worktrees/9ae05dcc-cc09-405c-9934-ab364076aa21/.ai/design-reference/iteration-3/runtime-verified/pairs/CEQfL-resize-browser.png
vETJh,R2. GitHub list maximum · 520px · Desktop dark,Git 565 — GitHub list width,,page,False,historical baseline; final owning-worker integrated state verification required,/home/agent/projects/cezar/.ai/cezar/worktrees/9ae05dcc-cc09-405c-9934-ab364076aa21/.ai/design-reference/iteration-3/design/vETJh.png | /home/agent/projects/cezar/.ai/cezar/worktrees/9ae05dcc-cc09-405c-9934-ab364076aa21/.ai/design-reference/iteration-3/runtime-verified/pairs/vETJh-resize-browser.png
pwW2r,19B. Inbox · Empty · Desktop light,tasks 445 — empty Inbox,/p/default/inbox,page,False,historical baseline; final owning-worker integrated state verification required,/home/agent/projects/cezar/.ai/cezar/worktrees/9ae05dcc-cc09-405c-9934-ab364076aa21/.ai/design-reference/iteration-3/design/pwW2r.png | /home/agent/projects/cezar/.ai/cezar/worktrees/9ae05dcc-cc09-405c-9934-ab364076aa21/.ai/design-reference/iteration-3/runtime-verified/pairs/inbox-empty-light.png
DZts9,19B. Inbox · Empty · Desktop dark,tasks 445 — empty Inbox,/p/default/inbox,page,False,historical baseline; final owning-worker integrated state verification required,/home/agent/projects/cezar/.ai/cezar/worktrees/9ae05dcc-cc09-405c-9934-ab364076aa21/.ai/design-reference/iteration-3/design/DZts9.png | /home/agent/projects/cezar/.ai/cezar/worktrees/9ae05dcc-cc09-405c-9934-ab364076aa21/.ai/design-reference/iteration-3/runtime-verified/pairs/inbox-empty-dark.png
